"SYNAO_IDENT","TSYNAO_IDENT","INGA_IDENT","SYNAO_LIBELLE","SYNAO_ORDRE","SYNAO_OBSOLET"
"1","2","805","zinc",,"False"
"2","2","726","fer",,"False"
"4","2","855","magnésium",,"False"
"6","2","1262","glutamate monopotassique",,"False"
"7","2","735","vitamine B1",,"False"
"8","2","1223","tristéarate de sorbitane",,"False"
"9","2","780","potassium",,"False"
"10","2","706","sélénium",,"False"
"11","2","723","potassium",,"False"
"12","2","1146","butylhydroxytoluène (BHT)",,"False"
"14","2","1204","hydroxypropylcellulose",,"False"
"15","2","851","sélénium",,"False"
"16","2","1294","sucralose",,"False"
"17","2","791","zinc",,"False"
"18","2","792","fer",,"False"
"19","2","821","vitamine B12",,"False"
"20","2","1188","glycérol",,"False"
"21","2","1282","L-cystéïne",,"False"
"23","2","847","vitamine B2",,"False"
"24","2","849","fer",,"False"
"25","2","1150","lactate de calcium",,"False"
"26","2","1269","guanylate de calcium",,"False"
"27","2","1287","oxygène",,"False"
"28","2","696","magnésium",,"False"
"29","2","810","zinc",,"False"
"30","2","811","fer",,"False"
"31","2","1293","saccharine et sels de Na, K et Ca",,"False"
"32","2","786","calcium",,"False"
"33","2","715","manganèse",,"False"
"34","2","1244","oxyde de calcium",,"False"
"35","2","1245","oxyde de magnésium",,"False"
"36","2","830","cuivre",,"False"
"37","2","1068","cochenille",,"False"
"38","2","1284","hélium",,"False"
"39","2","1304","advantame",,"False"
"40","2","1107","brun HT",,"False"
"41","2","694","vitamine E",,"False"
"42","2","729","calcium",,"False"
"43","2","1133","acide ascorbique",,"False"
"44","2","1270","acide inosinique",,"False"
"45","2","1157","tartrates de potassium",,"False"
"46","2","1221","esters polyglycériques d'acides gras",,"False"
"47","2","1166","malates de calcium",,"False"
"48","2","764","cuivre",,"False"
"49","2","734","sodium",,"False"
"50","2","1126","acide acétique",,"False"
"51","2","732","manganèse",,"False"
"52","2","747","cuivre",,"False"
"53","2","1211","sels de magnésium d'acides gras",,"False"
"54","2","1272","inosinate dipotassique",,"False"
"55","2","863","chrome",,"False"
"56","2","1102","caramel ammoniacal",,"False"
"57","2","1290","aspartame",,"False"
"58","2","1277","diméthylpolysiloxane",,"False"
"59","2","1080","ponceau 4R,",,"False"
"60","2","730","chrome",,"False"
"61","2","1174","alginate de calcium",,"False"
"62","2","1199","polyphosphates",,"False"
"63","2","761","fluor",,"False"
"64","2","765","magnésium",,"False"
"65","2","869","zinc",,"False"
"66","2","728","vitamine B1",,"False"
"67","2","1129","acétate de calcium",,"False"
"68","2","787","chrome",,"False"
"70","2","691","vitamine B12",,"False"
"71","2","1085","Chlorophylles",,"False"
"72","2","753","sodium",,"False"
"73","2","1187","sorbitol",,"False"
"74","2","1100","caramel",,"False"
"75","2","1267","guanylate disodique",,"False"
"76","2","779","magnésium",,"False"
"77","2","850","sodium",,"False"
"78","2","1106","Charbon végétale médicinal",,"False"
"79","2","1260","acide glutamique",,"False"
"80","2","801","chrome",,"False"
"81","2","1178","algues Eucheuma transformées",,"False"
"82","2","698","zinc",,"False"
"83","2","834","vitamine B5",,"False"
"84","2","708","manganèse",,"False"
"85","2","738","vitamine D",,"False"
"86","2","742","potassium",,"False"
"87","2","1231","acide chlorhydrique",,"False"
"88","2","1180","gomme guar",,"False"
"89","2","793","calcium",,"False"
"91","2","1111","lycopène",,"False"
"92","2","1160","phosphates de sodium",,"False"
"93","2","1172","alginate de potassium",,"False"
"94","2","1070","polyvinylpyrrolidone",,"False"
"95","2","1201","cellulose",,"False"
"96","2","1232","chlorure de potassium",,"False"
"97","2","835","fer",,"False"
"98","2","751","vitamine B5",,"False"
"99","2","1110","extrait de paprika",,"False"
"100","2","825","fluor",,"False"
"101","2","1099","citrate de triéthyle",,"False"
"102","2","862","calcium",,"False"
"103","2","1169","extraits de romarin",,"False"
"104","2","1191","monolaurate de polyoxyéthylène sorbitane (polysorbate 20)",,"False"
"105","2","1062","curcumine",,"False"
"106","2","707","silicium",,"False"
"107","2","724","sodium",,"False"
"108","2","740","cuivre",,"False"
"109","2","1152","citrates de sodium",,"False"
"110","2","1249","talc",,"False"
"111","2","1271","inosinate disodique",,"False"
"112","2","831","magnésium",,"False"
"113","2","781","sodium",,"False"
"114","2","1092","vert S",,"False"
"115","2","806","vitamine B9",,"False"
"117","2","1163","phosphates de magnésium",,"False"
"118","2","1183","gomme xanthane",,"False"
"119","2","1131","dioxyde de carbone",,"False"
"120","2","1194","monostéarate de polyoxyéthylène sorbitane  (polysorbate 60)",,"False"
"121","2","1227","carbonates de sodium",,"False"
"122","2","1243","hydroxyde de magnésium",,"False"
"123","2","843","fer",,"False"
"124","2","1087","complexes cuivre-chlorophylles et cuivre-chlorophyllines",,"False"
"125","2","1094","adipate de diamidon acétylé",,"False"
"127","2","1130","acide lactique",,"False"
"128","2","756","vitamine B5",,"False"
"129","2","1101","caramel de sulfite caustique",,"False"
"130","2","1154","citrates de calcium",,"False"
"131","2","1179","farine de graines de caroube",,"False"
"132","2","1078","Copolymère greffé d'alcool polyvinylique et de polyéthylèneglycol",,"False"
"133","2","1098","amidon oxydé acétyle",,"False"
"134","2","1109","rocou",,"False"
"135","2","1258","gluconate de potassium",,"False"
"136","2","1074","copolymère méthacrylate basique",,"False"
"137","2","1120","sorbate de potassium",,"False"
"138","2","860","calcium",,"False"
"140","2","1210","sels de sodium, de potassium et de calcium d'acide gras",,"False"
"141","2","1279","cire de candelilla",,"False"
"142","2","763","calcium",,"False"
"143","2","1090","phosphate de diamidon phosphaté",,"False"
"145","2","789","potassium",,"False"
"146","2","1063","riboflavine",,"False"
"147","2","1233","chlorure de calcium",,"False"
"148","2","1089","phosphate de diamidon",,"False"
"149","2","803","calcium",,"False"
"150","2","875","carnitine",,"False"
"151","2","736","vitamine B1",,"False"
"152","2","1084","bleu brillant FCF",,"False"
"153","2","1156","tartrates de sodium",,"False"
"154","2","1022","créatine",,"False"
"155","2","874","vitamine E",,"False"
"156","2","741","manganèse",,"False"
"157","2","1119","acide sorbique",,"False"
"158","2","1139","gamma-tocophérol",,"False"
"159","2","1167","tartrate de calcium",,"False"
"160","2","795","vitamine C",,"False"
"161","2","829","calcium",,"False"
"162","2","718","bore",,"False"
"163","2","1239","hydroxyde de sodium",,"False"
"164","2","1165","malate de potassium",,"False"
"166","2","717","fer",,"False"
"167","2","1128","acétates de sodium",,"False"
"168","2","1093","amidon acétylé",,"False"
"169","2","1176","agar-agar",,"False"
"170","2","815","calcium",,"False"
"171","2","871","fer",,"False"
"172","2","1253","silicate d'aluminium",,"False"
"173","2","788","magnésium",,"False"
"174","2","1095","amidon hydroxypropylé",,"False"
"175","2","1142","gallate d'octyle",,"False"
"176","2","819","vitamine E",,"False"
"177","2","1229","carbonates d'ammonium",,"False"
"178","2","845","magnésium",,"False"
"179","2","1171","alginate de sodium",,"False"
"180","2","1065","jaune de quinoléine",,"False"
"182","2","1216","esters tartriques des mono- et diglycérides d'acides gras",,"False"
"183","2","1140","delta-tocophérol",,"False"
"184","2","1143","gallate de dodécyle",,"False"
"185","2","1195","tristéarate de polyoxyéthylène sorbitane (polysorbate 65)",,"False"
"186","2","1241","hydroxyde de calcium",,"False"
"187","2","769","zinc",,"False"
"188","2","823","molybdène",,"False"
"189","2","1135","ascorbate de calcium",,"False"
"190","2","1193","monopalmilate de polyoxyéthylène sorbitane (polysorbate 40)",,"False"
"191","2","703","vitamine B3",,"False"
"192","2","1197","diphosphates",,"False"
"193","2","762","fer",,"False"
"194","2","1263","diglutamate de calcium",,"False"
"195","2","820","vitamine K",,"False"
"196","2","1113","lutéine",,"False"
"197","2","1250","silicate alumino-sodique",,"False"
"198","2","1295","thaumatine",,"False"
"199","2","800","zinc",,"False"
"200","2","743","magnésium",,"False"
"201","2","1257","gluconate de sodium",,"False"
"202","2","833","vitamine A",,"False"
"203","2","853","calcium",,"False"
"204","2","1301","lactitol",,"False"
"205","2","790","sodium",,"False"
"206","2","1226","monopalmitate de sorbitane",,"False"
"207","2","704","silicium",,"False"
"208","2","1213","esters acétiques des mono- et dyglicérides d'acides gras",,"False"
"209","2","1222","monostéarate de sorbitane",,"False"
"210","2","785","iode",,"False"
"211","2","841","vitamine B6",,"False"
"212","2","1134","ascorbate de sodium",,"False"
"213","2","1296","néohespéridine DC",,"False"
"214","2","826","vitamine B1",,"False"
"215","2","1064","tartrazine",,"False"
"216","2","1083","indigotine",,"False"
"217","2","722","manganèse",,"False"
"218","2","727","vitamine B6",,"False"
"219","2","731","magnésium",,"False"
"220","2","1091","phosphate de diamidon acétylé",,"False"
"221","2","746","fer",,"False"
"222","2","1184","gomme karaya",,"False"
"223","2","817","potassium",,"False"
"224","2","1071","polyvinylpolypyrrolidone",,"False"
"225","2","1127","acétate de potassium",,"False"
"226","2","1214","esters lactiques des mono- et diglycérides d'acides gras",,"False"
"227","2","798","cuivre",,"False"
"228","2","827","vitamine B3",,"False"
"229","2","872","fer",,"False"
"230","2","1242","hydroxyde d'ammonium",,"False"
"231","2","1300","maltitol",,"False"
"232","2","1088","phosphate d'amidon",,"False"
"233","2","1121","sorbate de calcium",,"False"
"234","2","1164","malates de sodium",,"False"
"235","2","1170","acide alginique",,"False"
"237","2","824","molybdène",,"False"
"238","2","895","OKG",,"False"
"239","2","1218","esters mixtes acétiques et tartriques des mono- et diglycérides d'acides gras",,"False"
"240","2","1259","gluconate de calcium",,"False"
"241","2","760","fluor",,"False"
"242","2","713","cuivre",,"False"
"243","2","1123","benzoate de sodium",,"False"
"244","2","1155","acide tartrique [L(+)]",,"False"
"245","2","1238","sulfate de calcium",,"False"
"246","2","701","bore",,"False"
"247","2","1153","citrates de potassium",,"False"
"248","2","1235","acide sulfurique",,"False"
"249","2","1122","acide benzoïque",,"False"
"251","2","1073","pullulan",,"False"
"252","2","1283","argon",,"False"
"253","2","776","sélénium",,"False"
"254","2","866","manganèse",,"False"
"255","2","697","vitamine A",,"False"
"256","2","1288","hydrogène",,"False"
"257","2","768","sodium",,"False"
"258","2","766","manganèse",,"False"
"259","2","804","magnésium",,"False"
"260","2","716","zinc",,"False"
"261","2","861","magnésium",,"False"
"262","2","1220","sucroglycérides",,"False"
"264","2","721","magnésium",,"False"
"265","2","868","sodium",,"False"
"266","2","1112","ß-apocarotenal-8' (C30)",,"False"
"267","2","1138","alpha-tocophérol",,"False"
"268","2","1297","glycosides de stéviol",,"False"
"269","2","767","potassium",,"False"
"270","2","1298","néotame",,"False"
"271","2","840","manganèse",,"False"
"272","2","710","potassium",,"False"
"273","2","1228","carbonates de potassium",,"False"
"274","2","867","potassium",,"False"
"275","2","859","vitamine E",,"False"
"276","2","848","vitamine B2",,"False"
"277","2","914","glucosamine",,"False"
"278","2","770","fer",,"False"
"280","2","1124","benzoate de potassium",,"False"
"281","2","1251","silicate alumino-potassique",,"False"
"282","2","1248","silicate de magnésium",,"False"
"283","2","797","vitamine C",,"False"
"284","2","844","calcium",,"False"
"285","2","818","zinc",,"False"
"286","2","856","magnésium",,"False"
"288","2","1118","oxyde et hydroxyde de fer",,"False"
"289","2","1192","monooléate de polyoxyéthylène sorbitane (polysorbate 80)",,"False"
"290","2","816","magnésium",,"False"
"291","2","739","fer",,"False"
"292","2","1190","hémicellulose de soja",,"False"
"293","2","1141","gallate de propyle",,"False"
"294","2","1173","alginate d'ammonium",,"False"
"295","2","1230","carbonates de magnésium",,"False"
"296","2","1278","cire d'abeille",,"False"
"297","2","836","fer",,"False"
"298","2","838","chrome",,"False"
"299","2","873","magnésium",,"False"
"300","2","852","sélénium",,"False"
"301","2","1136","esters d'acides gras de l'acide asorbique",,"False"
"302","2","1186","gomme gellane",,"False"
"303","2","1256","glucano-delta-lactone",,"False"
"304","2","1266","acide guanylique",,"False"
"305","2","1144","butylhydroquinone tertiaire (BHQT)",,"False"
"306","2","1206","éthylméthylcellulose",,"False"
"307","2","1236","sulfates de sodium",,"False"
"308","2","813","calcium",,"False"
"309","2","758","fer",,"False"
"310","2","986","créatine",,"False"
"311","2","1149","lactate de potassium",,"False"
"312","2","1217","esters monoacétyltartrique et diacétyltartrique des mono- et diglycérides d'acides gras",,"False"
"313","2","702","vitamine C",,"False"
"314","2","1079","azorubine",,"False"
"315","2","1158","tartrate double de sodium et de potassium",,"False"
"316","2","1182","gomme d'acacia, gomme arabique",,"False"
"317","2","1273","inosinate de calcium",,"False"
"318","2","1299","sel d’aspartame-acésulfame",,"False"
"319","2","714","magnésium",,"False"
"320","2","720","cuivre",,"False"
"321","2","782","iode",,"False"
"322","2","1082","bleu patenté V",,"False"
"323","2","695","vitamine E",,"False"
"324","2","1161","phosphates de potassium",,"False"
"325","2","1275","5'-ribonucléotide disodique",,"False"
"326","2","1302","xylitol",,"False"
"327","2","774","potassium",,"False"
"328","2","812","sélénium",,"False"
"329","2","1103","caramel au sulfite d'ammonium",,"False"
"330","2","1185","gomme tara",,"False"
"331","2","842","vitamine B6",,"False"
"332","2","725","zinc",,"False"
"333","2","749","vitamine E",,"False"
"334","2","771","calcium",,"False"
"335","2","1075","Copolymère de méthacrylate neutre",,"False"
"336","2","1219","sucroesters d'acides gras",,"False"
"337","2","1280","cire de carnauba",,"False"
"338","2","814","calcium",,"False"
"339","2","839","zinc",,"False"
"340","2","1116","carbonate de calcium",,"False"
"341","2","1203","éthylcellulose",,"False"
"342","2","1252","silicate alumino-calcique",,"False"
"343","2","773","manganèse",,"False"
"344","2","1177","carraghénanes",,"False"
"345","2","1069","polydextrose",,"False"
"346","2","1159","acide phosphorique",,"False"
"347","2","1097","octényle succinate d'amidon sodique",,"False"
"348","2","1274","5'-ribonucléotide calcique",,"False"
"349","2","854","calcium",,"False"
"350","2","1181","gomme adragante, tragacanthe",,"False"
"351","2","1268","guanylate dipotassique",,"False"
"353","2","1303","érythritol",,"False"
"354","2","809","potassium",,"False"
"355","2","846","vitamine A",,"False"
"356","2","1132","acide malique",,"False"
"357","2","1198","triphosphates",,"False"
"358","2","1255","acide gluconique",,"False"
"359","2","784","iode",,"False"
"360","2","828","chrome",,"False"
"361","2","1261","glutamate monosodique",,"False"
"362","2","754","vitamine E",,"False"
"363","2","1076","Copolymère de méthacrylate anionique",,"False"
"364","2","1151","acide citrique",,"False"
"365","2","1072","alcool polyvinylique",,"False"
"366","2","1234","chlorure de magnésium",,"False"
"367","2","1175","alginate de propane-1,2 diol",,"False"
"368","2","1254","acides gras",,"False"
"369","2","1286","protoxyde d'azote",,"False"
"370","2","1145","butylhydroxyanisol (BHA)",,"False"
"371","2","969","carnitine",,"False"
"372","2","692","vitamine C",,"False"
"373","2","712","calcium",,"False"
"374","2","1209","carboxyméthylcellulose hydrolysée de manière enzymatique",,"False"
"375","2","750","vitamine B8",,"False"
"376","2","1077","Copolymère d'acétate de vinyle et de polyvinylpyrrolidone",,"False"
"377","2","1137","extrait riche en tocophérols",,"False"
"378","2","1265","diglutamate de magnésium",,"False"
"380","2","822","molybdène",,"False"
"381","2","1067","invertase",,"False"
"382","2","1104","noir brillant BN",,"False"
"383","2","870","zinc",,"False"
"384","2","802","sélénium",,"False"
"385","2","864","cuivre",,"False"
"387","2","1264","glutamate d'ammonium",,"False"
"388","2","777","vitamine B12",,"False"
"389","2","808","magnésium",,"False"
"390","2","1125","benzoate de calcium",,"False"
"391","2","778","calcium",,"False"
"392","2","832","zinc",,"False"
"393","2","865","magnésium",,"False"
"394","2","1224","monolaurate de sorbitane",,"False"
"396","2","733","potassium",,"False"
"398","2","1081","rouge allura AC",,"False"
"399","2","807","calcium",,"False"
"400","2","1108","caroténoïde",,"False"
"401","2","926","créatine",,"False"
"402","2","693","calcium",,"False"
"403","2","699","magnésium",,"False"
"404","2","1207","carboxyméthylcellulose",,"False"
"405","2","1285","azote",,"False"
"406","2","748","vitamine B12",,"False"
"407","2","1086","amidon oxydé",,"False"
"408","2","1114","rouge de betterave",,"False"
"409","2","1147","lécithines",,"False"
"410","2","759","fluor",,"False"
"411","2","1247","silicate de calcium",,"False"
"412","2","744","sodium",,"False"
"413","2","1237","sulfates de potassium",,"False"
"414","2","1240","hydroxyde de potassium",,"False"
"415","2","737","zinc",,"False"
"416","2","1096","phosphate de diamidon hydroxypropylé",,"False"
"417","2","1168","citrate de triammonium",,"False"
"418","2","1292","isomalt",,"False"
"419","2","1215","esters citriques des mono- et diglycérides d'acides gras",,"False"
"420","2","775","vitamine B3",,"False"
"421","2","1196","pectines",,"False"
"422","2","719","calcium",,"False"
"423","2","1202","méthylcellulose",,"False"
"424","2","1291","acide cyclamique et ses sels de Na et de Ca",,"False"
"425","2","1289","acésulfame K",,"False"
"426","2","1189","konjac",,"False"
"427","2","1276","glycine et son sel de sodium",,"False"
"428","2","794","magnésium",,"False"
"429","2","796","vitamine C",,"False"
"430","2","1148","lactate de sodium",,"False"
"431","2","1225","monooléate de sorbitane",,"False"
"432","2","799","manganèse",,"False"
"433","2","858","sodium",,"False"
"434","2","1215","citrem",,"False"
"435","2","793","vitamine C",,"False"
"436","2","914","chondroïtine",,"False"
"437","2","1231","chlorure d'hydrogène",,"False"
"438","2","1159","acide orthophosphorique",,"False"
"439","2","823","potassium",,"False"
"440","2","1070","polyvidone",,"False"
"441","2","1241","chaux éteinte",,"False"
"442","2","1079","carmoisine",,"False"
"443","2","1244","chaux vive",,"False"
"444","2","1092","vert brillant BS",,"False"
"445","2","1210","stéarate de sodium",,"False"
"447","2","1109","bixine",,"False"
"448","2","1256","gluconolactone",,"False"
"449","2","1265","glutamate de magnésium",,"False"
"450","2","1293","saccharine de sodium",,"False"
"451","2","1099","citrate d'éthyle",,"False"
"452","2","1270","acide 5'-inosinique",,"False"
"453","2","1220","glycérides de sucre",,"False"
"455","2","729","chlore",,"False"
"456","2","1069","polydextroses modifiés",,"False"
"457","2","1104","noir PN",,"False"
"458","2","824","sodium",,"False"
"459","2","1176","gélose",,"False"
"460","2","1237","sulfate de potassium",,"False"
"461","2","1272","inosinate de potassium",,"False"
"462","2","1154","citrate monocalcique",,"False"
"463","2","1206","méthyléthylcellulose",,"False"
"464","2","1236","sulfate de sodium",,"False"
"465","2","1239","soude caustique",,"False"
"466","2","1068","acide carminique",,"False"
"467","2","1071","crospovidone",,"False"
"468","2","1249","métasilicate acide de magnésium",,"False"
"469","2","1290","ester méthylique d'aspartyl-phénylalanine",,"False"
"470","2","1214","lactoglycérides",,"False"
"471","2","1275","ribonucléotide 5' de sodium",,"False"
"472","2","1253","kaolin",,"False"
"473","2","1123","sel de sodium de l'acide benzènecarboxylique",,"False"
"474","2","852","sodium",,"False"
"475","2","1262","glutamate de potassium",,"False"
"476","2","1269","guanylate-5' de calcium",,"False"
"477","2","1197","diphosphate disodique",,"False"
"478","2","1248","trisilicate de magnésium",,"False"
"479","2","1113","caroténoïdes mélangés",,"False"
"480","2","1172","sel potassique de l'acide alginique",,"False"
"481","2","1093","acétate d'amidon",,"False"
"482","2","1062","jaune de curcuma",,"False"
"483","2","1189","gomme de konjac",,"False"
"484","2","1277","diméthyle siloxane",,"False"
"485","2","1188","glycérine",,"False"
"486","2","1271","inosinate de sodium",,"False"
"487","2","1085","chlorophyllines",,"False"
"488","2","1263","glutamate de calcium",,"False"
"489","2","1114","bétanine",,"False"
"490","2","1158","sel de Rochelle",,"False"
"491","2","1221","esters polyglycérines d'esters d'acides gras",,"False"
"492","2","850","fer",,"False"
"493","2","1152","citrate monosodique",,"False"
"494","2","1276","glycine",,"False"
"496","2","776","sodium",,"False"
"497","2","1227","carbonate de sodium",,"False"
"498","2","1303","méso-érythritol",,"False"
"499","2","782","potassium",,"False"
"500","2","1289","acésulfame de potassium",,"False"
"501","2","1254","acide caprylique",,"False"
"502","2","1124","sel de potassium de l'acide benzènecarboxylique",,"False"
"503","2","1160","phosphate monosodique",,"False"
"504","2","1292","isomaltulose hydrogéné",,"False"
"505","2","1147","phosphatides",,"False"
"506","2","1080","rouge cochenille A",,"False"
"507","2","1087","complexes cuivre-chlorophylles",,"False"
"508","2","760","potassium",,"False"
"509","2","1161","phosphate monopotassique",,"False"
"510","2","1118","oxyde de fer rouge",,"False"
"511","2","1153","citrate monopotassique",,"False"
"512","2","1143","lauryl gallate",,"False"
"513","2","1196","pectine",,"False"
"514","2","1209","gomme de cellulose hydrolysée de manière enzymatique",,"False"
"515","2","1301","lactite",,"False"
"516","2","1128","acétate de sodium",,"False"
"517","2","1157","tartrate monopotassique",,"False"
"518","2","1211","stéarate de magnésium",,"False"
"519","2","1242","liqueur ammoniacale",,"False"
"520","2","1198","triphosphate pentasodique",,"False"
"521","2","1235","acide sulfurique",,"False"
"522","2","1187","sirop de sorbitol",,"False"
"523","2","1300","D-maltitol",,"False"
"524","2","1163","phosphate monomagnésique",,"False"
"525","2","730","chlore",,"False"
"526","2","1125","benzoate de monocalcium",,"False"
"527","2","1175","alginate d'hydroxypropyle",,"False"
"528","2","825","sodium",,"False"
"529","2","784","potassium",,"False"
"530","2","1219","esters de sucre",,"False"
"531","2","1267","guanylate-5' disodique",,"False"
"532","2","1165","sel de potassium de l'acide malique",,"False"
"533","2","753","fer",,"False"
"534","2","785","sodium",,"False"
"535","2","1063","phosphate-5' de riboflavine",,"False"
"536","2","1174","sel calcique de l'acide alginique",,"False"
"537","2","1066","jaune orangé S",,"False"
"538","2","1141","ester propylique de l'acide gallique",,"False"
"539","2","1207","carboxyméthylcellulose de sodium",,"False"
"541","2","797","zinc",,"False"
"542","2","1166","malate de calcium",,"False"
"543","2","1296","dihydrochalcone de néohespéridine",,"False"
"544","2","1108","caroténoïdes mélangés",,"False"
"545","2","761","sodium",,"False"
"546","2","1203","éther éthylique de cellulose",,"False"
"547","2","1273","5'-inosinate de calcium",,"False"
"548","2","1097","SSOS",,"False"
"549","2","1260","acide L-a-aminoglutarique",,"False"
"550","2","1261","glutamate de sodium",,"False"
"551","2","743","potassium",,"False"
"552","2","1171","sel sodique de l'acide alginique",,"False"
"553","2","1116","craie",,"False"
"554","2","1164","malate de sodium",,"False"
"555","2","1110","capsanthine",,"False"
"556","2","1173","sel ammoniacal de l'acide alginique",,"False"
"557","2","1136","palmitate d'ascorbyle",,"False"
"558","2","1201","gel de cellulose",,"False"
"559","2","1202","éther méthylique de cellulose",,"False"
"560","2","1213","mono- et diglycérides acétylés",,"False"
"561","2","1251","mica",,"False"
"562","2","1264","glutamate d'ammonium",,"False"
"563","2","1278","cire blanche",,"False"
"564","2","1204","éther hydroxypropylique de cellulose",,"False"
"565","2","1232","sylvite",,"False"
"566","2","1122","acide benzènecarboxylique",,"False"
"567","2","1228","carbonate de potassium",,"False"
"568","2","1230","carbonate de magnésium",,"False"
"569","2","1083","carmin d'indigo",,"False"
"570","2","1266","acide 5'-guanylique",,"False"
"571","2","1156","sel monosodique de l'acide de L(+) tartrique",,"False"
"572","2","794","vitamine C",,"False"
"574","2","1229","carbonate d'ammonium",,"False"
"575","2","759","calcium",,"False"
"576","2","1131","gaz de l'acide carbonique",,"False"
"577","2","1268","guanylate-5' potassique",,"False"
"578","2","1199","polyphosphate sodique",,"False"
"579","2","718","sodium",,"False"
"580","2","1142","ester octylique de l'acide gallique",,"False"
"581","2","1291","acide cyclohexylsulfamique",,"False"
"582","2","1063","riboflavine-5'-phosphate de sodium",,"False"
"583","2","1066","yellow Sunsetl FCF",,"False"
"584","2","1068","carmins",,"False"
"585","2","1070","PVP",,"False"
"586","2","1071","polyvidone réticulée",,"False"
"587","2","1085","chlorophylle au magnésium",,"False"
"588","2","1087","chlorophylle cuivrique",,"False"
"590","2","1108","bêta-carotène",,"False"
"591","2","1109","norbixine",,"False"
"592","2","1110","capsorubine",,"False"
"593","2","1113","xanthophylles",,"False"
"594","2","1118","oxyde de fer jaune",,"False"
"595","2","1122","acide phénylcarboxylique",,"False"
"596","2","1123","sel de sodium de l'acide phénylcarboxylique",,"False"
"597","2","1124","sel de potassium de l'acide phénylcarboxylique",,"False"
"598","2","1125","dibenzoate de calcium",,"False"
"599","2","1128","diacétate de sodium",,"False"
"600","2","1131","glace sèche, neige carbonique",,"False"
"601","2","1136","stéarate d'ascorbyle",,"False"
"602","2","1143","ester dodecylique de l'acide gallique",,"False"
"603","2","1147","phospholipides",,"False"
"604","2","1152","citrate disodique",,"False"
"605","2","1153","citrate tripotassique",,"False"
"606","2","1154","citrate dicalcique",,"False"
"607","2","1156","tartrate monosodique",,"False"
"608","2","1157","sel monopotassique de l'acide de L(+) tartrique",,"False"
"609","2","1158","sel de Seignette",,"False"
"610","2","1159","acide monophosphorique",,"False"
"611","2","1160","phosphate disodique",,"False"
"612","2","1161","phosphate dipotassique",,"False"
"614","2","1163","dihydrogéno-phosphate de magnésium",,"False"
"615","2","1164","malate acide de sodium",,"False"
"616","2","1166","malate acide de calcium",,"False"
"617","2","1174","sel calcique de l'acide alginique",,"False"
"618","2","1175","alginate de propylène glycol",,"False"
"619","2","1187","sirop de D-glucitol",,"False"
"620","2","1189","glucomannane de konjac",,"False"
"621","2","1196","pectine amidée",,"False"
"622","2","1197","pyrophosphate disodique",,"False"
"623","2","1198","tripolyphosphate pentasodique",,"False"
"624","2","1199","polyphosphate potassique",,"False"
"625","2","1201","cellulose microcristalline",,"False"
"626","2","1207","gomme de cellulose",,"False"
"627","2","1210","stéarate de potassium",,"False"
"628","2","1215","citroglycérides",,"False"
"629","2","1227","carbonate de soude",,"False"
"630","2","1228","carbonate acide de potassium",,"False"
"631","2","1229","carbonate acide d'ammonium",,"False"
"632","2","1230","carbonate acide de magnésium",,"False"
"633","2","1232","sylvine",,"False"
"634","2","1235","vitriol",,"False"
"635","2","1236","sulfate acide de sodium",,"False"
"636","2","1237","sulfate acide de potassium",,"False"
"637","2","1242","solution d'ammoniaque",,"False"
"638","2","1254","acide caprique",,"False"
"639","2","1261","MSG",,"False"
"640","2","1262","MPG",,"False"
"641","2","1271","5'-inosinate sodique",,"False"
"642","2","1272","5'-inosinate potassique",,"False"
"643","2","1276","acide aminoacétique",,"False"
"644","2","1277","fluide de silicones",,"False"
"645","2","1278","cire jaune",,"False"
"647","2","1291","cyclamate",,"False"
"648","2","1292","palatinose hydrogéné",,"False"
"649","2","1293","saccharine de calcium",,"False"
"650","2","1296","NHDC",,"False"
"651","2","1300","maltose hydrogéné",,"False"
"652","2","1301","lactositol",,"False"
"653","2","1303","tétrahydroxybutane",,"False"
"654","2","1085","phéophytine au magnésium",,"False"
"655","2","1087","phéophytine cuivrique",,"False"
"657","2","1118","oxyde de fer noir",,"False"
"658","2","1131","anhydride carbonique",,"False"
"659","2","1152","citrate trisodique",,"False"
"660","2","1154","citrate tricalcique",,"False"
"661","2","1156","tartrate dipotassique",,"False"
"662","2","1157","tartrate dipotassique",,"False"
"663","2","1160","monophosphate disodique",,"False"
"664","2","1161","monophosphate dipotassique",,"False"
"666","2","1163","orthophosphate monomagnésique",,"False"
"667","2","1164","sel sodique de l'acide malique",,"False"
"668","2","1166","sel de calcium de l'acide malique",,"False"
"669","2","1187","D-glucitol",,"False"
"670","2","1197","diphosphate trisodique",,"False"
"671","2","1198","tripolyphosphate de sodium",,"False"
"672","2","1199","polyphosphate calco-sodique",,"False"
"673","2","1201","cellulose en poudre",,"False"
"674","2","1210","stéarate de calcium",,"False"
"675","2","1227","carbonate acide de sodium",,"False"
"676","2","1228","bicarbonate de potassium",,"False"
"677","2","1229","bicarbonate d'ammonium",,"False"
"678","2","1236","bisulfate de sodium",,"False"
"679","2","1237","bisulfate de potassium",,"False"
"680","2","1254","acide laurique",,"False"
"681","2","1276","glycocolle",,"False"
"682","2","1277","huile de silicones",,"False"
"683","2","1291","cyclamate de sodium",,"False"
"684","2","1293","saccharine de potassium",,"False"
"685","2","1296","hespérétine",,"False"
"686","2","1300","sirop de maltitol",,"False"
"687","2","1301","lactobiosite",,"False"
"688","2","1303","érythrite",,"False"
"689","2","1085","chlorophylline sodique",,"False"
"690","2","1087","complexes cuivre-chlorophyllines",,"False"
"692","2","1156","sel disodique de l'acide de L(+) tartrique",,"False"
"693","2","1157","sel dipotassique de l'acide de L(+) tartrique",,"False"
"694","2","1160","orthophosphate disodique",,"False"
"695","2","1161","orthophosphate dipotassique",,"False"
"697","2","1163","phoshate dimagnésique",,"False"
"698","2","1164","sel monosodique de l'acide malique",,"False"
"699","2","1166","sel monocalcique de l'acide malique",,"False"
"700","2","1197","pyrophosphate trisodique acide",,"False"
"701","2","1198","triphosphate pentapotassique",,"False"
"702","2","1199","polyphosphate calcique",,"False"
"703","2","1227","bicarbonate de sodium",,"False"
"704","2","1254","acide myristique",,"False"
"705","2","1276","glycinate de sodium",,"False"
"706","2","1277","diméthyl silicone",,"False"
"707","2","1291","cyclamate de calcium",,"False"
"708","2","1293","saccharine",,"False"
"709","2","1300","sirop de glucose hydrogéné",,"False"
"710","2","1085","chlorophylline potassique",,"False"
"711","2","1087","complexe cuivrique de la chlorophylline sodique",,"False"
"713","2","1160","phosphate trisodique",,"False"
"714","2","1161","phosphate tripotassique",,"False"
"716","2","1163","hydrogéno-phosphate de magnésium",,"False"
"717","2","1197","diphosphate tétrasodique",,"False"
"718","2","1198","tripolyphosphate pentapotassique",,"False"
"719","2","1227","sesquicarbonate de sodium",,"False"
"720","2","1254","acide palmitique",,"False"
"721","2","1087","complexe cuivrique de la chlorophylline potassique",,"False"
"723","2","1161","monophosphate tripotassique",,"False"
"725","2","1163","orthophosphate dimagnésique",,"False"
"726","2","1197","pyrophosphate tétrasodique",,"False"
"727","2","1198","triphosphate de potassium",,"False"
"728","2","1227","monohydrogéno-dicarbonate de sodium",,"False"
"729","2","1254","acide stéarique",,"False"
"730","2","1161","orthophosphate tripotassique",,"False"
"732","2","1197","pyrophosphate de sodium",,"False"
"733","2","1198","tripolyphosphate de potassium",,"False"
"734","2","1254","acide oléique",,"False"
"735","2","1197","diphosphate dipotassique",,"False"
"736","2","1197","pyrophosphate dipotassique",,"False"
"738","2","709","vitamine A",,"False"
"739","2","1437","Diméthylglycine HCL",,"False"
"740","2","1439","Lémonal",,"False"
"741","2","1444","AAKG",,"False"
"742","2","1041","Coenzyme Q10",,"False"
"743","2","1208","carboxyméthylcellulose de sodium réticluée",,"False"
"744","2","1208","Croscarmellose sodique",,"False"
"745","2","1281","gomme laque blanchie",,"False"
"746","2","1281","gomme laque blanche",,"False"
"747","2","1281","Shellac",,"False"
"748","2","1447","Charbon actif",,"False"
"749","2","1470","E333",,"False"
"751","2","1473","Amyloglucosidase",,"False"
"752","2","755","vitamine B5",,"False"
"753","2","1521","Mannitol",,"False"
"756","2","752","silicium",,"False"
"757","2","752","Silice",,"False"
"758","2","1552","Moule verte de Nouvelle-Zélande",,"False"
"759","2","1427","E464",,"False"
"760","2","1427","HPMC",,"False"
"761","2","1427","Hypromellose",,"False"
"762","2","1205","hydroxypropylméthylcellulose",,"False"
"763","2","1205","HPMC",,"False"
"764","2","1205","Hypromellose",,"False"
"769","2","1574","Terre de sommières",,"False"
"770","2","1574","Montmorillonite",,"False"
"771","1","1574","Silicate aluminium hydraté",,"False"
"772","1","1574","Smectite",,"False"
"776","2","1592","Acide myo-inositol",,"False"
"777","2","1592","Acide phytique",,"False"
"782","2","1601","PLCAR",,"False"
"783","2","1607","Sel disodique de l ATP",,"False"
"784","1","1580","L-5-HTP",,"False"
"785","1","1581","5-HTP",,"False"
"786","1","1581","oxitriptan",,"False"
"787","2","1612","Oligopeptide d elastine",,"False"
"788","2","772","magnésium",,"False"
"790","2","1636","Kaolinite",,"False"
"792","1","1645","Hydroxylapatite",,"False"
"793","2","1653","Adénosylméthionine",,"False"
"794","2","1653","SAM-e",,"False"
"795","2","1665","Levure de boulanger traitée aux UV",,"False"
"799","2","1691","Na-RALA",,"False"
"800","2","1698","Créatine de phosphate",,"False"
"801","1","1699","Créatine AKG",,"False"
"802","2","757","vitamine D",,"False"
"803","2","1246","dioxyde de silicium",,"False"
"804","2","1246","silice",,"False"
"805","2","1162","phosphates de calcium",,"False"
"806","2","1162","phosphate monocalcique",,"False"
"807","2","1162","phosphate dicalcique",,"False"
"808","2","1162","monophosphate dicalcique",,"False"
"809","2","1162","orthophosphate dicalcique",,"False"
"810","2","1162","phosphate tricalcique",,"False"
"811","2","1162","monophosphate tricalcique",,"False"
"812","2","1162","orthophosphate tricalcique",,"False"
"813","2","1162","phosphate de calcium d'hydrogène",,"False"
"815","1","1728","Margaritifera margaritifera Linnaeus",,"False"
"816","2","1728","Mulette perlière",,"False"
"817","2","1733","Sustamine",,"False"
"821","2","1752","autolysat de poisson",,"False"
"822","2","1763","NAG",,"False"
"825","2","1777","L-HPC",,"False"
"826","2","1777","E463a",,"False"
"829","2","1115","anthocyanes",,"False"
"837","2","1812","érythrosine",,"False"
"838","2","1200","bêta-cyclodextrine",,"False"
"840","2","1105","PEG 6000",,"False"
"841","2","1105","macrogol",,"False"
"842","2","1105","PEG 400",,"False"
"843","2","1105","PEG 3000",,"False"
"844","2","1105","PEG 4000",,"False"
"845","2","1105","PEG 3350",,"False"
"846","2","1105","PEG 8000",,"False"
"847","2","1105","Polyéthylène glycol",,"False"
"848","2","936","DMAE",,"False"
"850","2","745","zinc",,"False"
"852","2","1823","Apis panis",,"False"
"853","2","888","acide alpha-lipoïque",,"False"
"854","2","1809","Butyrine",,"False"
"855","1","1809","Tributyrylglycérol",,"False"
"856","2","837","vitamine K",,"False"
"857","1","837","phytoménadione",,"False"
"858","2","1649","Balle de riz",,"False"
"859","2","1212","monoglycéride d'acides gras",,"False"
"860","2","1212","diglycéride d'acides gras",,"False"
"861","2","1212","Mono et diglycérides d'acides gras",,"False"
"862","2","1837","miel de dattes",,"False"
"864","2","711","sodium",,"False"
"872","1","1529","Euphausia superba",,"False"
"873","2","1819","Monolaurine",,"False"
"874","2","1747","Silicium organique",,"False"
"875","2","1845","Alpha GPC",,"False"
"876","1","1845","Alfoscérate de choline",,"False"
"878","2","705","vitamine B9",,"False"
"879","2","705","Acide folique",,"False"
"881","2","1117","dioxyde de titane",,"False"
"882","2","1862","Koji fermenté",,"False"
"883","2","1865","IHAT",,"False"
"884","1","1865","Tartrate-adipate d'oxohydroxyde de fer",,"False"
"885","1","1865","Tartrate-adipate d'oxyhydroxyde de fer",,"False"
"887","2","1858","Bifidobacterium Lactis inactivé",,"False"
"888","2","1868","flavonoïdes de réglisse",,"False"
"892","1","1872","acide cis-9-hexadécénoïque",,"False"
"893","2","1872","oméga 7",,"False"
"894","2","1870","acide palmique",,"False"
"895","1","1873","acide octadécanoïque",,"False"
"901","2","1874","Crevette bouquet",,"False"
"902","2","1874","Crevette rose",,"False"
"903","2","1875","Krill antarctique",,"False"
"904","2","1876","bois de velours ",,"False"
"905","2","1876","bois d'élan",,"False"
"906","2","1877","magnésium",,"False"
"907","2","1670","Mumiyo raffiné",,"False"
"908","2","1670","Mumijo",,"False"
"909","1","1670","Asphaltum bitumens",,"False"
"910","2","1878","Crevette nordique",,"False"
"911","2","1878","Crevette nordique du Canada",,"False"
"913","1","1880","E1210",,"False"
"916","2","1881","magnésium",,"False"
"922","2","1031","glucosamine",,"False"
"925","1","1765","huile de calanus finmarchicus",,"False"
"926","2","1030","chondroïtine",,"False"
"927","2","1882","chondroïtine",,"False"
"928","2","1526","Sulfate de glucosamine chlorure de potassium",,"False"
"929","2","919","glucosamine",,"False"
"930","2","1887","magnésium",,"False"
"931","2","908","Triméthylglycine ",,"False"
"933","2","1676","Flavonoïdes de Citrus",,"False"
"934","2","1889","Lait ribot",,"False"
"935","2","1889","Lait battu",,"False"
"936","1","955","Beta-hydroxy beta methylbutyrate",,"False"
"937","2","1597","Serrapeptidase",,"False"
"938","2","1597","Serralysin",,"False"
"939","2","1597","Serratiapeptase",,"False"
"940","2","1597","Serratia peptidase",,"False"
"941","3","1897","TUDCA",,"False"
