"SYNPLA_IDENT","PLTE_IDENT","TYSYN_IDENT","SYNPLA_LIBELLE","SYNPLA_ORDRE","SYNPLA_OBSOLET"
"1","891","2","Pithecellobium avaremotemo Mart.",,"False"
"2","1158","2","Sapin pectiné",,"False"
"4","1161","2","Sapin de Sibérie",,"False"
"5","661","2","Réglisse d'Amérique",,"False"
"6","659","2","Cachoutier",,"False"
"7","665","2","Cassier",,"False"
"8","837","2","Acacia du Nil",,"False"
"9","892","2","Acacia suma (Roxb.) Voigt",,"False"
"10","838","2","Acacia",,"False"
"11","1","2","Acanthe molle",,"False"
"13","27","2","Achyranthe",,"False"
"14","236","2","Marcela",,"False"
"15","428","2","Cresson de Para",,"False"
"16","1293","2","Aconit",,"False"
"18","7","2","Acore",,"False"
"20","1294","2","Actée",,"False"
"21","8","2","Kiwi",,"False"
"22","9","2","Kiwi",,"False"
"23","987","2","Baobab",,"False"
"24","146","2",,,"False"
"25","1282","2","Capillaire",,"False"
"26","1283","2","Adiante du Canada",,"False"
"27","1295","2","Adonis",,"False"
"28","1296","2","Adonis",,"False"
"29","1297","2","Adonis",,"False"
"30","75","2","Egopode podagraire",,"False"
"32","111","2","Petite ciguë",,"False"
"33","1618","2","Maniguette fine",,"False"
"35","46","2","Incl. Agapanthe",,"False"
"36","47","2","Incl. Agapanthe",,"False"
"38","1440","2","Buchu",,"False"
"39","212","2","Agave",,"False"
"41","388","2","Nielle des blés",,"False"
"43","839","2","Acacia de Constantinople",,"False"
"44","988","2","Althaea rosea L.",,"False"
"45","1334","2","Alchémille à lobes aigus",,"False"
"46","1081","2","Alétris farineux",,"False"
"47","644","2","Graine de lumbang",,"False"
"48","1416","2","Borojoa patinoi Cuatrec.",,"False"
"49","1417","2","Borojoa sorbilis (Huber ex Ducke) Cuatrec.",,"False"
"50","23","2","Alisma plantain d'eau",,"False"
"51","24","2","Alisma orientale Juzep.",,"False"
"52","294","2","Orcanette",,"False"
"53","305","2","Alliaire",,"False"
"54","41","2","Poireau",,"False"
"57","44","2","Ciboulette",,"False"
"58","45","2","Ail des ours",,"False"
"59","275","2","Aulne noir",,"False"
"63","1620","2","Grand galanga",,"False"
"64","1621","2","Alpinia katsumadae Hayata",,"False"
"65","1622","2","Petit galanga",,"False"
"68","112","2","Grand ammi",,"False"
"69","76","2","Petit ammi",,"False"
"71","284","2","Distictis lactiflora (Vahl) DC.",,"False"
"72","237","2","Pyrèthre d'Allemagne",,"False"
"75","1024","2","Coque du Levant",,"False"
"76","333","2","Ananas",,"False"
"77","1609","2","Anchietea salutaris A.St.-Hil.",,"False"
"78","295","2","Buglosse",,"False"
"80","627","2","Incl. Andromède",,"False"
"81","217","2","Zhi mu",,"False"
"82","1298","2","Anémone",,"False"
"85","80","2","Bai zhi",,"False"
"86","81","2","Shishiudo",,"False"
"87","82","2","Angélique chinoise",,"False"
"88","1444","2","Cusparia officinalis Engl.",,"False"
"89","70","2","pomme cannelle",,"False"
"90","429","2","Pied-de-chat",,"False"
"91","84","2","Cerfeuil cultivé",,"False"
"92","840","2","Vulnéraire",,"False"
"93","1038","2","Ipo",,"False"
"94","1335","2","Alchémille des champs",,"False"
"97","1300","2","Ancolie vulgaire",,"False"
"99","180","2","Angélique en arbre du Japon",,"False"
"102","432","2","Petite bardane",,"False"
"104","167","2","Aréquier",,"False"
"105","1498","2","Arganier",,"False"
"106","239","2","Anthémis",,"False"
"107","168","2","Incl. Navet indien",,"False"
"108","202","2","Incl. Aristoloche commune",,"False"
"109","306","2","Cranson",,"False"
"110","240","2","Arnica",,"False"
"112","520","2","Armoise aurone",,"False"
"115","501","2","Armoise de Chine",,"False"
"116","503","2","Artemisia nana Gaudin",,"False"
"117","522","2","Armoise anuelle",,"False"
"118","505","2","Semen-contra",,"False"
"120","506","2","Armoise maritime",,"False"
"121","507","2","Armoise luisante",,"False"
"122","508","2","Davana",,"False"
"123","527","2","Petite absinthe",,"False"
"124","528","2","Génépi blanc",,"False"
"125","529","2","Armoise du Valais",,"False"
"126","435","2","Armoise commune",,"False"
"127","169","2","Gouet tacheté",,"False"
"128","203","2","Asaret du Canada",,"False"
"129","204","2","Asaret",,"False"
"131","74","2","Asiminier",,"False"
"132","842","2","Aspalathus",,"False"
"133","218","2","Asperge chinoise",,"False"
"136","231","2","Phyllitis scolopendrium (L.) Newman",,"False"
"137","232","2","Scolopendre officinale",,"False"
"139","603","2","Fougère femelle",,"False"
"140","242","2","Chardon à glu",,"False"
"141","532","2","Bai zhu",,"False"
"143","1551","2",,,"False"
"144","1552","2",,,"False"
"145","551","2","Aucuba",,"False"
"147","396","2","Chlorella protothecoides",,"False"
"148","397","2","Chlorelle",,"False"
"150","243","2","Avapane",,"False"
"151","436","2","Baccharis",,"False"
"152","244","2",,,"False"
"154","737","2","Ballote fétide",,"False"
"157","899","2","Incl. Indigo sauvage",,"False"
"158","726","2","Fleur Léopard",,"False"
"159","437","2","Pâquerette",,"False"
"161","114","2","Sium erectum Huds.",,"False"
"163","277","2","Bouleau jaune",,"False"
"166","288","2","Rocouyer",,"False"
"168","335","2","Encens",,"False"
"169","510","2",,,"False"
"171","312","2","Colza",,"False"
"174","315","2","Navette d’été",,"False"
"175","316","2","Navet potager",,"False"
"176","1553","2",,,"False"
"177","1554","2",,,"False"
"178","567","2","Incl. Bryone",,"False"
"179","88","2","Buplèvre chinois",,"False"
"181","115","2","Yugan",,"False"
"182","848","2","Cadoque",,"False"
"183","170","2","Pédiveau",,"False"
"184","246","2","L'herbe rêveuse",,"False"
"186","171","2","Calla",,"False"
"187","616","2","Callune vulgaire",,"False"
"188","360","2","Tamanu",,"False"
"189","1301","2","Populage des marais",,"False"
"191","1264","2","Polypodium calaguala Ruiz",,"False"
"193","342","2","Noix de nangaille",,"False"
"195","366","2","Câprier",,"False"
"198","906","2","Arbre aux pois",,"False"
"199","1418","2","Ipéca du Brésil",,"False"
"200","583","2","Laîche des sables",,"False"
"202","440","2","Carline acaule",,"False"
"203","281","2","Charme",,"False"
"206","199","2","Incl. Palmier céleri",,"False"
"208","666","2","Châtaigner",,"False"
"209","283","2","Catalpa commun",,"False"
"210","393","2","Khat",,"False"
"211","148","2","Pervenche de Madagascar",,"False"
"212","271","2","Le blue cohosh",,"False"
"213","1322","2","Céanothe d'Amérique",,"False"
"214","446","2","Grande centaurée",,"False"
"215","447","2","Centaurée bleuet",,"False"
"219","850","2","Caroubier",,"False"
"220","1555","2",,,"False"
"221","1338","2","Cognassier de Chine",,"False"
"222","951","2","Fausse unicorne",,"False"
"224","553","2","Costus speciosus (J.Koenig) Sm.",,"False"
"225","1182","2","Galane glabre",,"False"
"226","39","2","Chénopode fausse-ambroisie",,"False"
"227","1089","2","Arbre de neige",,"False"
"228","399","2","Chlorella vulgaris",,"False"
"229","706","2","Caragaheen",,"False"
"230","452","2","Camomille d'Or",,"False"
"233","116","2","Ciguë vireuse",,"False"
"234","1430","2","Cinchona ledgeriana (Howard) Bern.Moens ex Trimen",,"False"
"235","1434","2","Quinquina",,"False"
"236","1403","2","Quinquina rouge",,"False"
"237","247","2","Cinéraire",,"False"
"241","403","2","Ciste à Gomme",,"False"
"242","568","2","Coloquinte officinale",,"False"
"243","562","2","Melon d'eau",,"False"
"247","1451","2","Cédratier",,"False"
"248","1452","2","Chinotte",,"False"
"253","1318","2",,,"False"
"254","1303","2","Flammule",,"False"
"255","1304","2",,,"False"
"256","1305","2",,,"False"
"257","739","2","Clinopode",,"False"
"258","48","2","Lis de Saint Joseph",,"False"
"259","408","2","Clusier",,"False"
"260","455","2","Chardon-bénit",,"False"
"261","645","2",,,"False"
"262","1026","2","Cocculus trilobus (Thunb.) DC.",,"False"
"263","320","2","Cochléaire officinale",,"False"
"264","191","2","Cocotier",,"False"
"265","361","2","Codonopsis",,"False"
"266","1404","2","Caféier",,"False"
"267","1405","2","Caféier robusta",,"False"
"268","1208","2","Larmes de Job",,"False"
"270","992","2","Noix de cola",,"False"
"271","993","2","Noix de cola",,"False"
"272","952","2","Colchique d'automne",,"False"
"273","908","2","Baguenaudier commun",,"False"
"274","1486","2",,,"False"
"275","413","2","Kinkéliba",,"False"
"276","345","2","Commiphora opobalsamum (L.) Engl.",,"False"
"277","347","2","Commiphora abyssinica (Engl.) Engl.",,"False"
"280","118","2","Grande ciguë",,"False"
"281","1307","2","Staphisaigre",,"False"
"283","539","2","Liseron des champs",,"False"
"284","540","2","Scammonée",,"False"
"285","456","2","Vergerette du Canada",,"False"
"286","1290","2","Savoyane",,"False"
"288","546","2","Redoul",,"False"
"289","547","2",,,"False"
"290","550","2","Cornouiller officinal",,"False"
"291","680","2","Corydale solide",,"False"
"292","1133","2","Corydale",,"False"
"295","1421","2","Yohimbe",,"False"
"296","1388","2","Cotonéaster",,"False"
"299","286","2","Calebassier",,"False"
"300","954","2","Crinum d'Asie",,"False"
"303","910","2",,,"False"
"304","646","2",,,"False"
"305","1406","2","Galium cruciata (L.) Scop.",,"False"
"306","834","2","Agathophyllum aromaticum Willd.",,"False"
"307","149","2",,,"False"
"313","1625","2","Zédoaire",,"False"
"314","536","2","Cuscute de Chine",,"False"
"315","537","2","Cuscute de thym",,"False"
"316","854","2","Plante à guar",,"False"
"317","582","2","Cycas",,"False"
"318","565","2","Cyclanthère à Feuilles digitées",,"False"
"319","1344","2","Cognassier",,"False"
"324","458","2","Cardon",,"False"
"327","296","2","Cynoglosse",,"False"
"328","584","2","Souchet rond",,"False"
"329","1109","2","Sabot de Vénus",,"False"
"330","1110","2","Cypripedium pubescens Willd.",,"False"
"331","911","2","Cytise",,"False"
"332","192","2","Daemonorops propinqua Becc.",,"False"
"333","647","2","Liane ortie",,"False"
"334","1588","2","Daphné",,"False"
"335","1556","2",,,"False"
"337","462","2","Chrysanthème",,"False"
"338","912","2",,,"False"
"340","542","2","Le Dichondra rampant",,"False"
"341","1463","2","Dictame blanc",,"False"
"342","172","2","Dieffenbachia",,"False"
"343","1194","2","Digitale",,"False"
"344","1493","2","Longane",,"False"
"345","591","2","Igname de Chine",,"False"
"346","593","2","Igname indigène",,"False"
"347","607","2","Kaki",,"False"
"348","368","2","Cardère sauvage",,"False"
"349","914","2","Fève de Tonka",,"False"
"350","1589","2","Dirca des marais",,"False"
"351","1042","2","Contrajerne",,"False"
"352","598","2","Rossalis à feuilles longues",,"False"
"353","599","2","Rossolis intermédiaire",,"False"
"354","602","2","Drosséra à feuilles rondes",,"False"
"355","604","2","Fougère mâle",,"False"
"356","1557","2",,,"False"
"357","1086","2","Liriosma ovata Miers",,"False"
"358","1010","2","Durian",,"False"
"359","569","2","Concombre d'âne",,"False"
"363","297","2","Vipérine",,"False"
"364","948","2","Aramé",,"False"
"369","611","2","Incl. Ephédra",,"False"
"371","1102","2","Epilobe à petites Fleurs",,"False"
"373","1309","2","Eranthe d'hiver",,"False"
"374","249","2",,,"False"
"375","618","2","Bruyère cendrée",,"False"
"376","619","2","Bruyère quaternée",,"False"
"377","1345","2","Néflier du Japon",,"False"
"378","292","2","Herbe sainte",,"False"
"379","696","2","Bec-de-cigogne commun",,"False"
"380","95","2","Panicaut champêtre",,"False"
"381","328","2","Giroflée des murailles",,"False"
"382","915","2","Erythrine",,"False"
"383","639","2","Cocaïer",,"False"
"385","1053","2","Eucalyptus mentholé",,"False"
"389","640","2","Arbre à Gutta-Percha",,"False"
"390","1057","2","Ceriser de Cayenne",,"False"
"391","394","2","Fusain noir pourpré",,"False"
"392","395","2","Fusain d'Europe",,"False"
"393","648","2","Pedilanthus pavonis (Klotzsch & Garcke) Boiss.",,"False"
"394","649","2","Euphorbe",,"False"
"395","1116","2","Euphraise raide",,"False"
"396","194","2","Açai",,"False"
"397","1464","2","Evodie",,"False"
"398","650","2","Palétuvier argent",,"False"
"399","1423","2","Exostema floribundum (Sw.) Schult.",,"False"
"400","1239","2","Sarrasin commun",,"False"
"402","1250","2","Polygonum dumetorum L.",,"False"
"403","96","2","Ase fétide",,"False"
"404","1043","2","Figuier des Banyans",,"False"
"405","1034","2","Figuier comestible",,"False"
"406","1044","2","Figuier des pagodes",,"False"
"410","1099","2",,,"False"
"411","1090","2","Forsythia",,"False"
"412","1470","2","Kumquat marumi (à fruit rond)",,"False"
"413","1471","2","Kumquat marumi (à fruit ovale)",,"False"
"415","1348","2","Fraisier sauvage",,"False"
"419","1092","2","Frêne à Fleurs",,"False"
"420","955","2","Couronne impériale",,"False"
"424","49","2","Incl. Perce-neige",,"False"
"426","741","2","Galéopsis des champs",,"False"
"427","1465","2","Angusture vraie",,"False"
"429","1407","2","Aspérule odorante",,"False"
"430","1408","2","Gaillet jaune",,"False"
"433","409","2","Gamboge",,"False"
"435","685","2","Garrya racemosa Ramírez",,"False"
"436","1106","2","Tian ma",,"False"
"438","686","2","Agar Agar",,"False"
"439","687","2","Agar Agar",,"False"
"440","689","2","Jasmin jaune",,"False"
"441","916","2","Genêt des teinturiers",,"False"
"443","699","2","Geranium herbe à Robert",,"False"
"444","1351","2","Benoîte commune",,"False"
"446","796","2","Lierre terrestre",,"False"
"447","708","2","Globulaire turbitt",,"False"
"448","709","2","Globulaire",,"False"
"449","411","2","Superbe de Malabar",,"False"
"453","994","2","Cotonnier",,"False"
"454","995","2","Cotonnier",,"False"
"455","710","2","Ogonori",,"False"
"456","1516","2","Gratiole",,"False"
"463","1638","2","Gaïac",,"False"
"464","389","2","Gypsophila rokejeka Delile",,"False"
"465","938","2","Campêche",,"False"
"466","1390","2","Kousso",,"False"
"468","721","2","Guttier du Gabon",,"False"
"470","742","2","Hédéome",,"False"
"472","977","2",,,"False"
"474","472","2","Topinambour",,"False"
"476","475","2","Immortelle stoechade",,"False"
"477","298","2","Héliotrope",,"False"
"478","1310","2","Hellébore",,"False"
"479","1311","2","Anémone hépatique",,"False"
"480","125","2","Berce du Caucase",,"False"
"481","384","2","Herniaire glabre",,"False"
"485","651","2","Mancenillier",,"False"
"487","174","2",,,"False"
"490","652","2","Arbre au diable",,"False"
"491","207","2","Jacinthe",,"False"
"492","720","2","Hydrangée de Virginie",,"False"
"493","1558","2","Jusquiame blanche",,"False"
"494","1559","2","Jusquiame noire",,"False"
"498","724","2","Anis étoilé du Japon",,"False"
"500","263","2","Balsamine des jardins",,"False"
"501","858","2","Indigotier",,"False"
"502","477","2","Inule des fleuves",,"False"
"503","478","2","Inule grande aunée",,"False"
"504","543","2","Ipomoea hederacea (L.) Jacq.",,"False"
"505","727","2","Iris",,"False"
"506","324","2","Pastel des teinturiers",,"False"
"507","1093","2","Jasmin à grandes Fleurs",,"False"
"509","1023","2","Colombo",,"False"
"510","653","2","Médicinier",,"False"
"511","728","2","Noyer cendré",,"False"
"512","732","2","Noyer noir",,"False"
"515","579","2","Genévrier sabine",,"False"
"516","4","2","Noix de Malabar",,"False"
"517","629","2","Laurier de montagne",,"False"
"518","997","2","Karaya",,"False"
"519","733","2","Ratanhia du Pérou",,"False"
"520","917","2","Cytise faux-ébénier",,"False"
"521","715","2","Lachnanthes tinctoria (Walter ex J.F.Gmel.) Elliott",,"False"
"522","513","2","Laitue vireuse",,"False"
"523","973","2","Lilas des Indes",,"False"
"525","817","2","Laminaire hyperboréale",,"False"
"526","744","2","Lamier blanc",,"False"
"528","1164","2","Mélèze de l'Ouest",,"False"
"529","1636","2","Créosotier ",,"False"
"530","823","2","Ma Bo",,"False"
"535","749","2","Lavande à toupet",,"False"
"536","974","2","Henné",,"False"
"537","620","2","Lédon",,"False"
"540","808","2","Coronopus squamatus (Forssk.) Asch.",,"False"
"542","752","2","Cresson alénois",,"False"
"543","1077","2","Leptospermum citratum (J.F.Bailey & C.T.White) Challinor, Cheel & A.R.Penfold",,"False"
"544","860","2","Lespedeza",,"False"
"545","956","2","Nivéole printanière",,"False"
"546","1112","2",,,"False"
"548","1100","2","Troène commun",,"False"
"550","1196","2","Linaire commune",,"False"
"551","965","2","Lin purgatif",,"False"
"553","25","2","Copalme d’Amérique",,"False"
"554","957","2",,,"False"
"556","300","2","Grémil",,"False"
"558","363","2","Lobélie enflée",,"False"
"559","918","2",,,"False"
"561","355","2","Peyotl",,"False"
"563","862","2","Lotier corniculé (sous espèce)",,"False"
"566","1544","2","Lyciet",,"False"
"567","1545","2","Lyciet de chine",,"False"
"569","972","2","Lycopode en massue",,"False"
"570","753","2","Lycope",,"False"
"571","50","2",,,"False"
"572","630","2",,,"False"
"573","975","2","Salicaire commune",,"False"
"575","820","2","Kelp",,"False"
"576","983","2","Michelia champaca L.",,"False"
"577","981","2","Magnolia officinal",,"False"
"579","958","2","Maianthème à deux feuilles",,"False"
"580","654","2","Kamala",,"False"
"582","1352","2","Pommier commun",,"False"
"583","1353","2","Pommier paradis",,"False"
"584","1356","2","Pommier sauvage",,"False"
"585","998","2","Mauve sauvage",,"False"
"586","1560","2","Mandragore officinale",,"False"
"588","642","2","Manioc",,"False"
"589","1500","2","Achras sapota L.",,"False"
"590","1012","2","Arrowroot",,"False"
"592","142","2","Condurango",,"False"
"594","1134","2",,,"False"
"601","864","2","Mélilot élevé",,"False"
"604","811","2","Mélitte",,"False"
"605","1027","2","Ménisperme du Canada",,"False"
"606","756","2","Menthe aquatique",,"False"
"611","655","2","Mercuriale annuelle",,"False"
"612","656","2","Mercuriale vivace",,"False"
"613","19","2","Ficoïde glaciale",,"False"
"614","20","2","Incl. Ficoïde glaciale",,"False"
"615","919","2","Mimosa",,"False"
"616","1439","2","Mitchella rampant",,"False"
"618","760","2","Monarde pourpre",,"False"
"619","761","2","Monarde ponctuée",,"False"
"621","1410","2","Noni",,"False"
"623","1037","2","Mûrier noir",,"False"
"624","72","2","Yumel",,"False"
"627","1047","2","Bananier",,"False"
"628","959","2","Muscari à toupet",,"False"
"629","1517","2","Arbre Ngaio",,"False"
"631","1050","2","Muscadier aromatique",,"False"
"632","866","2","Baumier de Tolu",,"False"
"633","867","2","Baumier du Pérou",,"False"
"635","51","2","Narcisse",,"False"
"637","325","2","Cresson de fontaine",,"False"
"638","1082","2","Lotus",,"False"
"639","762","2","Herbe à chats",,"False"
"640","763","2","Jing Jie",,"False"
"641","155","2","Laurier-rose",,"False"
"643","1313","2","Nigelle de Damas",,"False"
"646","1085","2","Nénuphar odorants",,"False"
"647","156","2",,,"False"
"650","201","2","Jessenia bataua (Mart.) Burret",,"False"
"656","220","2","Barbe de serpent",,"False"
"658","1107","2","Orchis mâle",,"False"
"662","960","2","Ornithogale",,"False"
"663","1119","2","Orobanche",,"False"
"665","1218","2","Riz",,"False"
"666","1122","2","Oxalis",,"False"
"667","1124","2","Pivoine en arbre",,"False"
"668","1128","2","Pivoine blanche",,"False"
"669","1125","2","Pivoine officinale",,"False"
"670","1127","2","Pivoine",,"False"
"671","1126","2","Pivoine en arbre",,"False"
"674","189","2","Notoginseng",,"False"
"678","1135","2","Pavot",,"False"
"679","400","2","Chlorella kessleri",,"False"
"680","1598","2","Pariétaire officinale",,"False"
"681","961","2","Parisette",,"False"
"682","1615","2","Vigne vierge commune",,"False"
"685","100","2","Panais",,"False"
"687","1425","2","Yohimbe",,"False"
"688","657","2",,,"False"
"689","1637","2","Harmal",,"False"
"692","829","2","Avocatier",,"False"
"693","1240","2","Bistorte",,"False"
"694","1251","2","Polygonum hydropiper L.",,"False"
"695","1241","2","Renouée persicaire",,"False"
"696","514","2","Pétasite",,"False"
"699","102","2","Impératoire",,"False"
"702","1458","2","Phellodendron de l'Amour",,"False"
"703","176","2",,,"False"
"704","1359","2","Amélanchier à Fruits noirs",,"False"
"705","1603","2","Lippia dulcis Trevir.",,"False"
"708","1547","2","Coqueret",,"False"
"709","921","2","Fèves de Calabar",,"False"
"710","1154","2","Phytolaque",,"False"
"712","631","2","Piéride andromède",,"False"
"713","632","2","Piéride du Japon",,"False"
"714","1466","2",,,"False"
"716","1069","2","Piment couronné",,"False"
"718","104","2","Grand boucage",,"False"
"719","105","2","Petit boucage",,"False"
"724","1175","2","Matico",,"False"
"725","1176","2","Poivre long",,"False"
"726","1179","2","Kava",,"False"
"728","922","2","Piscidie",,"False"
"730","1184","2","Plantain de sables",,"False"
"732","1186","2","Plantain à larges Feuilles",,"False"
"734","362","2","Platycodon à grandes Fleurs",,"False"
"736","274","2","Podophyllée pelté",,"False"
"738","1234","2","Polygala de Virginie",,"False"
"739","1236","2","Polygala de Chine",,"False"
"740","1238","2","Polygala commun",,"False"
"742","1467","2","Oranger trifolié",,"False"
"743","1475","2","Peuplier noir",,"False"
"745","1477","2","Peuplier faux-tremble",,"False"
"746","265","2","Nori",,"False"
"747","1272","2","Pourpier",,"False"
"748","1360","2","Potentille des oies",,"False"
"750","1501","2","Lucuma glycyphloea (Casar.) Mart. & Eichler ex Miq.",,"False"
"752","774","2","Brunelle commune",,"False"
"755","1366","2","Merisier",,"False"
"757","1367","2","Prunier",,"False"
"759","1369","2","Laurier-cerise",,"False"
"760","1391","2","Bois de Sainte Lucie",,"False"
"762","1371","2","Cerisier tardif",,"False"
"764","1070","2","Goyavier",,"False"
"765","1071","2","Psidium araca Raddi",,"False"
"766","1427","2","Sami Ruca",,"False"
"767","586","2","Fougère-aigle",,"False"
"769","875","2","Pterocarpus draco L.",,"False"
"772","254","2","Pulicaire dysentérique",,"False"
"773","293","2","Pulmonaire officinale",,"False"
"774","1314","2","Anémon pulsatille",,"False"
"776","266","2","Porphyra tenera Kjellman",,"False"
"777","1487","2",,,"False"
"778","1373","2","Poirier",,"False"
"779","1527","2",,,"False"
"780","668","2","Chêne blanc",,"False"
"782","1284","2","Bois de Panama",,"False"
"783","1315","2","Renoncule",,"False"
"786","196","2","Raphia pedunculata P.Beauv.",,"False"
"787","157","2",,,"False"
"788","158","2","Rauwolfia",,"False"
"789","1189","2","Digitale de Chine",,"False"
"797","634","2","Rhododendron",,"False"
"798","1078","2",,,"False"
"799","63","2","Sumac",,"False"
"800","925","2",,,"False"
"802","713","2","Groseillier épineux",,"False"
"803","1428","2","Faux ipéca",,"False"
"804","658","2","Ricin",,"False"
"805","1155","2","Groseille",,"False"
"806","878","2","Robinier faux-acacia",,"False"
"807","1331","2","Orseille",,"False"
"808","1136","2","Roemeria en fleur",,"False"
"810","1375","2","Rosier de France",,"False"
"811","1376","2","Rosier musqué",,"False"
"812","1377","2","Rosier rouillé",,"False"
"814","1429","2","Garance",,"False"
"815","1379","2","Ronce bleue ",,"False"
"818","1246","2","Grande oseille",,"False"
"819","1247","2","Petite oseille",,"False"
"820","1260","2","Rumex acutus Sm.",,"False"
"822","1249","2","Patience des moines",,"False"
"824","1468","2",,,"False"
"827","1220","2","Canne à sucre",,"False"
"830","1480","2","Saule laurier",,"False"
"831","1481","2","Osier rouge",,"False"
"832","801","2","Sauge des aztèques",,"False"
"834","776","2","Sauge officinale",,"False"
"836","778","2","Sauge des prés",,"False"
"840","1137","2","Sanguinaire du Canada",,"False"
"841","1383","2","Petite pimprenelle",,"False"
"842","1384","2","Sanguisorbe officinale",,"False"
"843","106","2","Sanicle",,"False"
"844","208","2","Sansevière",,"False"
"846","1488","2","Eucarya spicata (R.Br.) Sprague & Summerh.",,"False"
"847","485","2","Santoline petit cyprès",,"False"
"848","386","2","Saponaire officinale",,"False"
"850","1401","2","Pimprenelle épineuse",,"False"
"851","1503","2","Hai zao",,"False"
"852","832","2","Bois de sassafras",,"False"
"853","780","2","Sarriette commune",,"False"
"855","486","2","Costus",,"False"
"856","515","2",,,"False"
"857","185","2",,,"False"
"858","62","2","Faux poivrier",,"False"
"859","65","2","Baies roses",,"False"
"861","962","2","Cévadille",,"False"
"862","178","2",,,"False"
"863","1563","2",,,"False"
"866","803","2","Scutellaire",,"False"
"868","926","2","Coronille bigarrée",,"False"
"869","555","2","Orpin âcre",,"False"
"871","354","2","Reine de la nuit",,"False"
"872","558","2","Joubarbe des toits",,"False"
"876","927","2",,,"False"
"877","1007","2","Bala",,"False"
"878","1008","2","Herbe dure",,"False"
"880","488","2","Herbe de Flacq",,"False"
"881","489","2","Colle-colle",,"False"
"882","256","2","Herbe de Flacq",,"False"
"884","1530","2","Jojoba",,"False"
"886","1531","2","Salsepareille du Mexique",,"False"
"887","1532","2","Salsepareille d'Europe",,"False"
"888","1533","2","Squine",,"False"
"889","1536","2","Salsepareille",,"False"
"890","1537","2","Smilax febrifuga Kunth",,"False"
"891","1538","2","Salsepareille du Honduras",,"False"
"892","1564","2","Liane trompette",,"False"
"893","1565","2","Morelle douce-amère",,"False"
"895","1549","2","Aubergine",,"False"
"896","1566","2","Morelle noire",,"False"
"897","1550","2","Pomme de terre",,"False"
"898","159","2","Argel",,"False"
"900","1385","2","Sorbier des oiseleurs",,"False"
"902","1222","2","Sorghum vulgare Pers.",,"False"
"903","928","2","Genêt d'Espagne",,"False"
"904","179","2",,,"False"
"905","392","2","Spergulaire rouge",,"False"
"906","967","2","Spigélie vermifuge",,"False"
"907","968","2","Oeillet de la Caroline",,"False"
"908","36","2","Epinard",,"False"
"913","52","2","Incl. Croix de Saint-Jacques",,"False"
"914","785","2","Bétoine officinale",,"False"
"915","387","2","Mouron des oiseaux",,"False"
"917","1028","2","Han fang ji",,"False"
"918","209","2","Jasmin de Madagascar",,"False"
"919","66","2",,,"False"
"921","258","2",,,"False"
"922","969","2",,,"False"
"924","1576","2","Benjoin de Sumatr",,"False"
"925","377","2","Symphorine",,"False"
"926","303","2","Consoude",,"False"
"927","166","2","Spathyema foetida (L.) Raf.",,"False"
"929","160","2","Iboga",,"False"
"931","494","2","Rose d'Inde",,"False"
"932","883","2","Tamarinier",,"False"
"933","594","2","Tamier",,"False"
"934","495","2","Balsamite",,"False"
"935","516","2","Pyrèthre",,"False"
"937","497","2","Tanaisie",,"False"
"939","1582","2","If",,"False"
"940","929","2",,,"False"
"941","415","2","Myrobolan bellerique",,"False"
"942","416","2","Badamier chebule",,"False"
"943","580","2","Sandaraque",,"False"
"944","804","2","Germandrée petit-chêne",,"False"
"945","805","2","Germandrée tomenteuse",,"False"
"947","161","2","Incl. Laurier-rose jaune",,"False"
"948","581","2","Thuya d' Occident",,"False"
"953","1002","2","Tilleul de Hollande",,"False"
"958","356","2",,,"False"
"959","517","2","Brachyclados stuckertii Speg.",,"False"
"960","304","2",,,"False"
"961","566","2","Concombre chinois",,"False"
"962","884","2","Pied-de-lièvre",,"False"
"963","885","2","Trèfle des champs",,"False"
"965","887","2","Trèfle rampant",,"False"
"966","888","2","Trigonelle bleue",,"False"
"968","1017","2","Trille dressé",,"False"
"969","419","2","Tradescantia elongata G.Mey.",,"False"
"971","1225","2","Froment dur",,"False"
"973","1227","2","Blé barbu",,"False"
"974","1316","2","Trolle d' Europe",,"False"
"975","1591","2","Grande capucine",,"False"
"976","1172","2","Pruche du Canada",,"False"
"977","963","2","Tulipe",,"False"
"978","544","2","Ololiuhqui",,"False"
"980","260","2","Tussilage",,"False"
"981","210","2","Asmatica",,"False"
"982","1593","2","Orme des montagnes",,"False"
"983","1594","2","Orme de Sibérie",,"False"
"984","1595","2","Orme rouge",,"False"
"986","560","2","Umbilicus erectus DC.",,"False"
"987","1413","2","Gambier",,"False"
"988","1414","2","Gou teng",,"False"
"989","1415","2","Griffe de chat",,"False"
"993","1141","2","Usnée",,"False"
"994","1142","2","Usnée",,"False"
"996","622","2","Airelle fausse-myrtille",,"False"
"998","624","2","Canneberge des marais",,"False"
"1000","373","2","Valériane d'Inde",,"False"
"1002","380","2","Valériane officinale à rejets",,"False"
"1003","1108","2","Vanille",,"False"
"1004","1015","2","Vératre",,"False"
"1005","1018","2","Vératre vert",,"False"
"1007","1515","2","Bouillon blanc à petites Fleurs",,"False"
"1008","1604","2","Verveine sauvage",,"False"
"1009","1193","2","Véronique officinale",,"False"
"1010","1195","2","Leptandra virginica (L.) Nutt.",,"False"
"1011","14","2","Viorne mancienne",,"False"
"1012","15","2","Viorne obier",,"False"
"1013","16","2","Viorne à feuilles de prunier",,"False"
"1015","144","2","Grande pervenche",,"False"
"1016","145","2","Petite pervenche",,"False"
"1017","211","2","Dompte-venin",,"False"
"1019","1610","2","Pensée des Alpes",,"False"
"1020","1606","2","Violette odorante",,"False"
"1021","1607","2","Violette des marais",,"False"
"1026","1590","2",,,"False"
"1027","931","2","Glycine du Japon",,"False"
"1028","932","2","Glycine de Chine",,"False"
"1030","162","2","Uzara",,"False"
"1032","1469","2","Zanthoxylum piperitum Benn.",,"False"
"1033","1228","2","Maïs",,"False"
"1034","1016","2","Cannash",,"False"
"1036","1326","2","Jujubier",,"False"
"1037","1158","2","Sapin blanc",,"False"
"1038","659","2","Acacia à cachou",,"False"
"1039","837","2","Acacia arabica (Lam.) Willd.",,"False"
"1040","838","2","Gommier blanc",,"False"
"1041","27","2","Niu xi",,"False"
"1042","428","2","Brède mafane",,"False"
"1044","7","2","Acore odorante",,"False"
"1046","1294","2","Actée en épi",,"False"
"1047","8","2","Groseille de Chine",,"False"
"1048","987","2","Pain de singe",,"False"
"1049","1282","2","Capillaire de Montpellier",,"False"
"1050","1295","2","Adonis du printemps",,"False"
"1051","1296","2","Adonis du printemps",,"False"
"1052","1297","2","Adonis du printemps",,"False"
"1053","75","2","Podagraire",,"False"
"1054","839","2","Arbre de soie",,"False"
"1055","988","2","Passe-rose",,"False"
"1056","1334","2","Alchémille commune",,"False"
"1057","644","2","Kukui",,"False"
"1058","23","2","Plantain d'eau commun",,"False"
"1059","305","2","Herbe à ail",,"False"
"1060","275","2","Aulne glutineux",,"False"
"1064","76","2","Herbe aux cure-dents",,"False"
"1069","81","2","Du Huo",,"False"
"1070","82","2","Dong quai",,"False"
"1071","1444","2","Galipea cusparia A.St.-Hil. ex DC.",,"False"
"1072","70","2","Attier",,"False"
"1073","429","2","Pied-de-chat dioïque",,"False"
"1074","1335","2","Aphanès des champs",,"False"
"1079","306","2","Raifort",,"False"
"1081","520","2","Aurone",,"False"
"1083","505","2","Semencine",,"False"
"1084","527","2","Absinthe romaine",,"False"
"1085","169","2","Arum tacheté",,"False"
"1086","204","2","Asaret d'Europe",,"False"
"1087","842","2","Thé rooibos",,"False"
"1088","397","2","Chlorella pyrenoidosa H.Chick",,"False"
"1090","243","2","Ayapana",,"False"
"1092","737","2","Ballote noire",,"False"
"1095","335","2","Arbre à encens",,"False"
"1097","312","2","Navette",,"False"
"1098","315","2","Navette sauvage",,"False"
"1100","848","2","Haricot brûlant",,"False"
"1101","171","2","Calla des marais",,"False"
"1102","616","2","Fausse bruyère",,"False"
"1103","360","2","Temanu",,"False"
"1104","1301","2","Souci d'eau",,"False"
"1109","666","2","Châtaignier commun",,"False"
"1110","283","2","Catalpa de Caroline",,"False"
"1111","447","2","Bleuet des champs",,"False"
"1113","39","2","Thé-du-Mexique",,"False"
"1114","399","2","Chlorelle",,"False"
"1115","706","2","Mousse d'Irlande",,"False"
"1116","116","2","Ciguë aquatique",,"False"
"1119","562","2","Pastèque",,"False"
"1122","1452","2","Oranger amer à Feuilles de myrte",,"False"
"1124","739","2","Clinopode commun",,"False"
"1125","408","2","Paletuvier des montagnes",,"False"
"1126","320","2","Cranson",,"False"
"1128","992","2","Colatier",,"False"
"1129","993","2","Colatier",,"False"
"1130","908","2","Arbre à vessies",,"False"
"1131","1307","2","Dauphinelle",,"False"
"1132","456","2","Conyze du Canada",,"False"
"1133","1290","2","Coptide à trois feuilles",,"False"
"1134","546","2","Herbe au tanneur",,"False"
"1135","680","2","Corydale à tubercule plein",,"False"
"1141","834","2","Ravensara aromatica Sonn.",,"False"
"1144","537","2","Petite cuscute",,"False"
"1148","647","2","Liane poilue",,"False"
"1150","1463","2","Fraxinelle",,"False"
"1151","591","2","Yam chinois",,"False"
"1152","607","2","Plaqueminier",,"False"
"1153","368","2","Cabaret-des-oiseaux",,"False"
"1154","598","2","Rossolis d’Angleterre",,"False"
"1155","602","2","Rossolis à feuilles rondes",,"False"
"1156","569","2","Momordique",,"False"
"1157","948","2","Eisenia bicyclis (Kjellman) Setchell",,"False"
"1162","1309","2","Hellébore d'hiver",,"False"
"1163","619","2","Bruyère à quatre angles",,"False"
"1164","1345","2","Bilbassier",,"False"
"1165","696","2","Erodium à Feuilles de ciguë",,"False"
"1166","95","2","Chardon roulant",,"False"
"1167","328","2","Vélard",,"False"
"1170","1116","2","Euphraise glanduleuse",,"False"
"1171","650","2","Palétuvier aveuglant",,"False"
"1172","1239","2","Blé noir",,"False"
"1174","1043","2","Figuier d'Inde",,"False"
"1175","1044","2","Arbre pipal",,"False"
"1178","1348","2","Fraisier des bois",,"False"
"1181","1092","2","Frêne à manne",,"False"
"1182","955","2","Fritillaire impériale",,"False"
"1185","741","2","Chanvre bâtard",,"False"
"1187","1407","2","Gaillet odorant",,"False"
"1188","1408","2","Caille-lait jaune",,"False"
"1190","409","2","Siam Gamboge",,"False"
"1195","709","2","Globulaire ponctuée",,"False"
"1198","1516","2","Herbe au pauvre homme",,"False"
"1201","472","2","Hélianthe tubéreux",,"False"
"1202","1311","2","Hépatique à trois lobes",,"False"
"1203","384","2","Herniole",,"False"
"1206","652","2","Sablier blanc",,"False"
"1207","207","2","Jacinthe d'Orient",,"False"
"1208","720","2","Hortensia arborescent",,"False"
"1213","477","2","Inule britannique",,"False"
"1214","478","2","Aunée officinale",,"False"
"1215","653","2","Pourghère",,"False"
"1216","4","2","Noyer des Indes",,"False"
"1217","733","2","Krameria triandra Ruiz & Pav.",,"False"
"1218","917","2","Aubour",,"False"
"1219","973","2","Banaba",,"False"
"1221","817","2","Goemon rouge",,"False"
"1222","744","2","Ortie blanche",,"False"
"1226","749","2","Lavande stéchade",,"False"
"1227","620","2","Lédum des marais",,"False"
"1229","752","2","Passerage cultivé",,"False"
"1230","956","2","Claudinette",,"False"
"1234","862","2","Pied-de-Poule (sous espèce)",,"False"
"1235","1544","2","Lyciet commun",,"False"
"1236","1545","2","Goji",,"False"
"1237","972","2","Lycopode officinal",,"False"
"1238","753","2","Lycope d’Europe",,"False"
"1239","981","2","Magnolia",,"False"
"1241","654","2","Rottlière des teinturiers",,"False"
"1243","1352","2","Pommier cultivé",,"False"
"1244","1356","2","Pommier des Bois",,"False"
"1245","998","2","Grande mauve",,"False"
"1246","642","2","Tapioca",,"False"
"1247","1012","2","Dictame barbade",,"False"
"1248","142","2","Liane de condor",,"False"
"1252","864","2","Grand mélilot",,"False"
"1255","811","2","Mélitte à feuilles de mélisse",,"False"
"1258","656","2","Mercuriale pérenne",,"False"
"1259","1439","2","Pain de perdrix",,"False"
"1261","760","2","Thé d'Oswego",,"False"
"1263","1410","2","Pomme-chien",,"False"
"1264","72","2","Guatteria gaumeri Greenm.",,"False"
"1266","1047","2","Bananier plantain",,"False"
"1267","959","2","Muscari à houppe",,"False"
"1270","1082","2","Lotus des Indes",,"False"
"1271","762","2","Chataire",,"False"
"1272","763","2","Chataire japonaise",,"False"
"1280","220","2","Muguet du Japon",,"False"
"1285","1122","2","Oxalide",,"False"
"1286","1128","2","Pivoine commune",,"False"
"1290","1135","2","Somnifère œillette",,"False"
"1293","1240","2","Renouée bistorte",,"False"
"1294","1241","2","Polygonum persicaria L.",,"False"
"1295","102","2","Peucédan officinal",,"False"
"1296","1458","2","Arbre au liège",,"False"
"1297","1359","2","Aronie à Fruits noirs",,"False"
"1299","1547","2","Alkékenge coqueret",,"False"
"1301","632","2","Andromède du Japon",,"False"
"1303","1069","2","Bois d'Inde",,"False"
"1307","1175","2","Piper angustifolium Ruiz & Pav.",,"False"
"1308","1179","2","Kawa",,"False"
"1310","922","2","Bois des chiens",,"False"
"1312","1184","2","Psyllium",,"False"
"1313","1186","2","Grand plantain",,"False"
"1315","1234","2","Sénéga",,"False"
"1317","1467","2","Orange amère",,"False"
"1318","265","2","Porphyre",,"False"
"1319","1272","2","Pourpier potager",,"False"
"1320","1360","2","Potentille ansérine",,"False"
"1323","1366","2","Cerisier des oiseaux",,"False"
"1326","1391","2","Cerisier de Sainte Lucie",,"False"
"1327","1371","2","Cerisier noir",,"False"
"1329","1314","2","Pulsatille vulgaire",,"False"
"1330","266","2","Asakusanori",,"False"
"1331","1284","2","Quillaia",,"False"
"1332","1315","2","Ficaire fausse-renoncule",,"False"
"1333","1189","2","Rehmannia",,"False"
"1338","713","2","Groseillier à maquereau",,"False"
"1339","1331","2","Pourpre française",,"False"
"1341","1375","2","Rosier de Provins",,"False"
"1342","1377","2","Rosier rubigineux",,"False"
"1343","1429","2","Garance des teinturiers",,"False"
"1346","1246","2","Oseille sauvage",,"False"
"1348","1249","2","Oseille épinard",,"False"
"1353","1480","2","Saule à cinq étamines",,"False"
"1354","1481","2","Saule pourpre",,"False"
"1359","1384","2","Grande sanguisorbe",,"False"
"1360","106","2","Sanicle d'Europe",,"False"
"1361","485","2","Aurône femelle",,"False"
"1362","1401","2","Poterium spinosum L.",,"False"
"1363","1503","2","Hiziji",,"False"
"1364","780","2","Sarriette",,"False"
"1366","65","2","Poivre rose",,"False"
"1367","555","2","Poivre de muraille",,"False"
"1369","354","2","Princesse de la nuit",,"False"
"1371","488","2","Herbe Grasse",,"False"
"1372","489","2","Guérit-vite",,"False"
"1373","256","2","Herbe Grasse",,"False"
"1375","1531","2","Smilax medica Schltdl. & Cham.",,"False"
"1376","1536","2","Smilax tonduzii Apt.",,"False"
"1377","1564","2","Solandre",,"False"
"1378","159","2","Hargal",,"False"
"1381","928","2","Sparte",,"False"
"1382","392","2","Sabline rouge",,"False"
"1383","968","2","Rose indien",,"False"
"1385","387","2","Mouron blanc",,"False"
"1390","494","2","Tagète",,"False"
"1391","594","2","Tamier commun",,"False"
"1392","495","2","Menthe-coq",,"False"
"1394","497","2","Tanaisie commune",,"False"
"1396","416","2","Myrobalan chebule",,"False"
"1397","580","2","Thuja de Barbarie",,"False"
"1401","1002","2","Tilleul commun",,"False"
"1404","884","2","Trèfle",,"False"
"1406","887","2","Trèfle blanc",,"False"
"1408","1227","2","Gros blé",,"False"
"1409","210","2","Faux-ipeca",,"False"
"1410","1593","2","Orme rude",,"False"
"1411","1595","2","Ulmus fulva Michx.",,"False"
"1412","1413","2","Cachou gambir",,"False"
"1415","1141","2","Barbe de Saint-Antoine",,"False"
"1416","1142","2","Mousse d'Espagne",,"False"
"1418","622","2","Bleuet",,"False"
"1420","624","2","Airelle canneberge",,"False"
"1422","380","2","Herbe-aux-chats",,"False"
"1423","1108","2","Vanilla fragrans Ames",,"False"
"1425","1604","2","Verveine officinale",,"False"
"1426","14","2","Viorne lantane",,"False"
"1427","15","2","Boule-de-neige",,"False"
"1434","1228","2","Blé d'Inde",,"False"
"1435","1326","2","Dattier chinois",,"False"
"1436","1158","2","Sapin argenté",,"False"
"1437","428","2","Spilanthes acmella var. oleracea (L.) C.B.Clarke",,"False"
"1439","7","2","Acore vrai",,"False"
"1441","1282","2","Cheveux de Vénus",,"False"
"1442","75","2","Herbe aux goutteux",,"False"
"1443","988","2","Rose trémière",,"False"
"1444","1334","2","Pied de lion",,"False"
"1445","644","2","Kemiri",,"False"
"1446","305","2","Sisymbrium alliaria (L.) Scop.",,"False"
"1447","275","2","Aulne commun",,"False"
"1450","76","2","Khella",,"False"
"1453","1335","2","perce-pierre",,"False"
"1455","520","2","Citronelle",,"False"
"1456","842","2","Thé rouge",,"False"
"1459","335","2","Oliban",,"False"
"1460","315","2","Brassica pekinensi (lour.) Rupr.",,"False"
"1461","171","2","Arum d’eau",,"False"
"1462","283","2","Arbre aux haricots",,"False"
"1465","739","2","Sarriette vulgaire",,"False"
"1466","546","2","Roudous",,"False"
"1471","591","2","Dioscorea opposita Thunb.",,"False"
"1473","619","2","Caminet",,"False"
"1474","1116","2","Casse-lunettes",,"False"
"1476","1043","2","Banian",,"False"
"1477","1044","2","Arbre des conseils",,"False"
"1486","384","2","Turquette",,"False"
"1496","1544","2","Goji",,"False"
"1497","753","2","Chanvre d’eau",,"False"
"1498","981","2","Magnolier",,"False"
"1506","1410","2","Morinde",,"False"
"1510","1082","2","Lotus sacré",,"False"
"1511","762","2","Cataire",,"False"
"1512","763","2","Schizonepeta tenuifolia (Benth.) Briq.",,"False"
"1519","1135","2","Pavot officinal",,"False"
"1521","1240","2","Serpentaire",,"False"
"1522","102","2","Benjoin",,"False"
"1524","1547","2","Lanterne chinoise",,"False"
"1527","1069","2","Bay St Thomas",,"False"
"1528","1184","2","Plantago psyllium L.",,"False"
"1530","1234","2","Herbe au lait",,"False"
"1531","1360","2","Ansérine",,"False"
"1534","1366","2","Cerisier",,"False"
"1536","1391","2","Faux merisier",,"False"
"1541","1375","2","Rosier à roses rouges",,"False"
"1542","1377","2","Rosier églantier",,"False"
"1545","1246","2","Oseille des prés",,"False"
"1548","780","2","Sarriette des jardins",,"False"
"1550","354","2","Cereus grandiflorus (L.) Mill.",,"False"
"1552","488","2","Herbe Divine",,"False"
"1553","489","2","Herbe grasse",,"False"
"1554","256","2","Herbe Divine",,"False"
"1556","1564","2","Liane Abricot",,"False"
"1559","968","2","La spigélie du Maryland",,"False"
"1561","387","2","Morgeline",,"False"
"1563","594","2","Herbe aux femmes battues",,"False"
"1564","495","2","Herbe-au-coq",,"False"
"1572","210","2","Lobélie indienne",,"False"
"1573","1593","2","Orme blanc",,"False"
"1574","1413","2","Arbre catechu",,"False"
"1576","1141","2","Barbe de Jupiter",,"False"
"1578","622","2","Airelle du Canada",,"False"
"1580","624","2","Canneberge d'Europe",,"False"
"1582","380","2","Valériane sauvage",,"False"
"1584","14","2","Mansienne",,"False"
"1591","1366","2","Bigarreautier",,"False"
"1595","520","2","Artemisia procera willd.",,"False"
"1596","546","2","Sumac de Montpellier",,"False"
"1601","1410","2","Morindier",,"False"
"1603","762","2","Menthe des chats",,"False"
"1609","1240","2","Feuillote",,"False"
"1610","1246","2","Oseille",,"False"
"1613","488","2","Guérit Vite",,"False"
"1614","489","2","Souveraine",,"False"
"1615","256","2","Guérit Vite",,"False"
"1620","1593","2","Ulmus campestris L.",,"False"
"1622","624","2","Oxycoccus palustris Pers.",,"False"
"1631","1240","2","Polygonum bistorta L.",,"False"
"1632","1246","2","Rumex oseille",,"False"
"1636","1246","2","Surette",,"False"
"1638","1246","2","Oseille commune",,"False"
"1673","1644","1","Mimulus langsdorffi",,"False"
"1674","1644","1","Mimulus whiplei",,"False"
"1683","1147","2","Damiana",,"False"
"1687","1066","2","Camu camu",,"False"
"1688","1066","2","Caçari",,"False"
"1689","1066","2","Camo",,"False"
"1702","1150","2","Amalaki",,"False"
"1703","1150","2","Amla",,"False"
"1704","1150","2","Arbre de Malacca",,"False"
"1705","1150","2","Groseiller népalais",,"False"
"1706","1457","2","Arbre à curry",,"False"
"1707","1457","2","Calou pilé",,"False"
"1708","1457","2","Murraya",,"False"
"1709","1457","2","Dergera",,"False"
"1769","1370","2","Pêcher",,"False"
"1795","996","2","Oseille de Guinée",,"False"
"1796","996","2","Oseille rouge",,"False"
"1797","996","2","Roselle",,"False"
"1798","996","2","Bissap",,"False"
"1800","1649","1","Poria cocos FA Wolf",,"False"
"1801","1649","2","Pachyme",,"False"
"1802","1649","2","Fu Ling",,"False"
"1803","1649","1","Wolfiporia extensa Peck Ginns",,"False"
"1804","718","2","Lithothamne",,"False"
"1810","1651","2","Pivoine blanche",,"False"
"1811","1651","2","Pivoine commune",,"False"
"1812","1651","3","White peony",,"False"
"1853","1542","2","Piment",,"False"
"1854","1542","2","Capsicum frutescens L.",,"False"
"1855","1542","2","Poivre de Cayenne",,"False"
"1856","309","2","Colza",,"False"
"1857","309","2","Navette",,"False"
"1876","626","2","Airelle",,"False"
"1877","626","2","Airelle rouge",,"False"
"1878","626","2","Airelle vigne d'Ida",,"False"
"1879","626","2","Airelle du Mont Ida",,"False"
"1880","626","2","Myrtille rouge",,"False"
"1884","183","2","Ginseng américain",,"False"
"1887","783","2","Scutellaire de lac Baïkal",,"False"
"1888","725","2","Safran",,"False"
"1889","725","2","Crocus cultivé",,"False"
"1892","1132","2","Grand coquelicot",,"False"
"1929","1657","1","Tinospora cordifolia Willd Miers",,"False"
"1930","1657","2","Guduchi",,"False"
"1938","1658","1","Baccharis genistelloides var trimera Less Baker 	",,"False"
"1939","1658","1","Baccharis trimera var carqueja DC",,"False"
"1940","1658","1","Baccharis trimera var trimera ",,"False"
"1964","1663","2","Grande chélidoine",,"False"
"1986","667","2","Hêtre",,"False"
"1987","667","2","Fayard",,"False"
"1988","667","2","Hêtre commun",,"False"
"1999","1476","2","Peuplier tremble",,"False"
"2000","151","1","Marsdenia sylvestris Retz PIForst",,"False"
"2011","187","2","Lierre grimpant",,"False"
"2012","1674","1","Lilium tigrinum Ker Gawl",,"False"
"2013","1674","2","Lys de Chine",,"False"
"2014","410","2","Garcinia cambogia (Gaertn.) Desr.",,"False"
"2027","443","2","Carthame des teinturiers",,"False"
"2039","331","2","Radis cultivé",,"False"
"2049","1337","2","Griottier",,"False"
"2050","1337","2","Cerisier griottier",,"False"
"2051","1337","1","Prunus cerasus L",,"False"
"2095","1437","2","Gaillet gratteron",,"False"
"2096","1437","2","Gaillet accrochant",,"False"
"2097","1473","2","Clavalier d'Amérique",,"False"
"2098","1473","2","Frêne épineux",,"False"
"2099","636","2","Gaulthérie couchée",,"False"
"2100","636","2","Thé des bois",,"False"
"2101","636","2","Gaulthérie du Canada",,"False"
"2102","636","2","Thé du Canada",,"False"
"2105","1679","2","Haricot mungo",,"False"
"2132","1612","1","Ampelopsis veitchii auct",,"False"
"2138","493","2","Rose d’Inde",,"False"
"2139","493","2","Tagète",,"False"
"2140","1546","2","Tomate",,"False"
"2164","798","2","Lavandula vera DC.",,"False"
"2171","794","1","Clinopodium nepeta sub glandulosum",,"False"
"2187","1682","1","Plectranthus forskohlii Willd",,"False"
"2210","1199","2","Pleurote en forme d'huître",,"False"
"2218","1248","2","Patience crépue",,"False"
"2219","1248","2","Oseille aux Feuilles frisée",,"False"
"2220","1248","2","Oseille crépue",,"False"
"2221","1248","2","Churelle",,"False"
"2222","1248","2","Herbe britannique",,"False"
"2223","1248","2","Parielle",,"False"
"2224","1248","2","Rhubarbe sauvage",,"False"
"2241","1642","2","Clématite des haies",,"False"
"2242","1642","2","Clématite vigne-blanche",,"False"
"2243","1642","1","Anemone vitalba L Krause",,"False"
"2244","1642","1","Clematis bannatica Schur",,"False"
"2245","1685","2","Ornithogale d'Arabie",,"False"
"2246","1685","2","Etoile de Bethléem",,"False"
"2250","1686","2","Etoile de Bethléem",,"False"
"2251","1686","2","Ornithogale en ombelle",,"False"
"2252","1686","2","Dame de onze heures",,"False"
"2253","1646","1","Avena nemoralis Huds",,"False"
"2254","1687","2","Gentiane amère",,"False"
"2255","1647","1","Sclaranthus glaucovirens Halacsy",,"False"
"2256","1647","1","Scleranthus valebiticus Degen Rossi",,"False"
"2257","1647","2","Gnavelle annuelle",,"False"
"2258","1667","2","Hélianthème",,"False"
"2259","1664","2","Hottonie des marais",,"False"
"2260","1664","2","Violette d'eau",,"False"
"2261","1643","1","Balsamina glandulifera Royle",,"False"
"2262","1643","1","Balsamina macrochila Lindl",,"False"
"2263","1643","2","Balsamine de l Himalaya",,"False"
"2264","1643","2","Impatiente glandulence",,"False"
"2265","1666","2","Plumbago",,"False"
"2266","164","2","Houx",,"False"
"2267","164","2","Houx commun",,"False"
"2274","1641","2","Myrobolan",,"False"
"2275","1641","2","Prunier-cerise",,"False"
"2280","165","2","Konjac",,"False"
"2281","1690","2","Salicorne",,"False"
"2283","1181","2","Hysope d'eau",,"False"
"2284","1181","2","Bacopa de Monnier",,"False"
"2285","1181","2","Brahmi",,"False"
"2294","1691","2","Agaric champêtre",,"False"
"2295","1691","2","Rosé des prés",,"False"
"2303","572","2","Concombre",,"False"
"2308","1695","1","Convolvulus pluricaulis Choisy",,"False"
"2310","936","2","Galéa officinal",,"False"
"2311","936","2","Sainfoin d'Espagne",,"False"
"2314","1704","1","Saxifraga ligulata Murray",,"False"
"2315","1705","1","Vernonia cinerea (L) Less",,"False"
"2320","1706","2","Gentiane amère",,"False"
"2321","1706","1","Gentiana amarella L",,"False"
"2322","1706","2","Gentianelle amère",,"False"
"2323","1706","3","Autumn Gentian",,"False"
"2324","1707","2","Marronnier à fleurs rouges",,"False"
"2325","1707","1","Aesculus x carnea Hayne",,"False"
"2326","1707","3","Red-horse Chestnut",,"False"
"2327","1708","2","Marronnier à fleurs rouges",,"False"
"2328","1708","3","Red chesnut",,"False"
"2332","677","2","Ascophylle noueuse",,"False"
"2333","1398","2","Fraisier cultivé",,"False"
"2334","1398","2","Fraisier ananas",,"False"
"2335","621","2","Canneberge à gros fruits",,"False"
"2336","621","2","Airelle à gros Fruits",,"False"
"2337","621","2","Canneberge à gros atocas",,"False"
"2338","621","2","Canneberge d'Amérique du Nord",,"False"
"2388","781","2","Sarriette des montagnes",,"False"
"2389","781","2","Sarriette vivace",,"False"
"2396","764","2","Basilic",,"False"
"2397","764","2","Basilic commun",,"False"
"2406","1455","2","Mandarinier",,"False"
"2412","1055","2","Eucalyptus radié",,"False"
"2415","758","2","Menthe verte",,"False"
"2416","758","2","Menthe en grappe",,"False"
"2417","758","2","Menthe romaine",,"False"
"2418","758","2","Menthe crépue",,"False"
"2433","1206","2","Vetiveria zizanioides (L.) Nash",,"False"
"2439","1214","2","Citronelle de Java",,"False"
"2441","1056","2","Eucalyptus d'Australie",,"False"
"2472","1159","2","Sapin baumier",,"False"
"2480","434","2","Estragon",,"False"
"2481","1711","2","Padine",,"False"
"2482","1711","2","Padine Queue-de-Paon",,"False"
"2485","1712","2","Pelvétie",,"False"
"2486","729","2","Noyer commun",,"False"
"2492","250","1","Conyza canadensis (L) Cronquist",,"False"
"2493","1177","2","Poivrier noir",,"False"
"2494","1177","2","Poivrier blanc",,"False"
"2495","1169","2","Pin maritime",,"False"
"2496","1169","2","Pin des Landes",,"False"
"2498","773","2","Patchouli",,"False"
"2510","788","2","Thym satureioïde",,"False"
"2512","1714","2","Poire de terre",,"False"
"2518","1029","2","Trèfle d’eau",,"False"
"2519","1029","2","Trèfle des marais",,"False"
"2520","1029","2","Ményanthe",,"False"
"2521","1626","2","Cardamome",,"False"
"2522","1449","2","Citronnier",,"False"
"2523","1449","2","Limon",,"False"
"2531","1485","2","Santal blanc",,"False"
"2536","701","2","Géranium-rose",,"False"
"2539","772","1","Coleus forskohlii Willd Briq",,"False"
"2540","219","2","Asperge",,"False"
"2543","1243","2","Renouée du Japon",,"False"
"2544","1243","2","Reynoutria du Japon",,"False"
"2545","1243","2","Fallopia japonica (Houtt.) Ronse Decr.",,"False"
"2546","1243","2","Polygonum cuspidatum Siebold & Zucc.",,"False"
"2556","748","2","Lavande aspic",,"False"
"2557","1171","2","Pin sylvestre",,"False"
"2558","1171","2","Pin sauvage",,"False"
"2560","1211","2","Palmarosa",,"False"
"2561","1573","2","Spirulina platensis",,"False"
"2562","1573","2","Platensis",,"False"
"2563","1573","2","Spiruline",,"False"
"2564","1573","2","Algue de vie",,"False"
"2567","1716","2","Trémelle en forme de fucus",,"False"
"2568","326","2","Radis noir",,"False"
"2569","326","1","Raphanus sativus L",,"False"
"2574","1602","2","Verveine odorante",,"False"
"2575","1602","2","Verveine citronnée",,"False"
"2576","1602","2","Citronelle verveine",,"False"
"2577","1602","2","Lippia citriodora (Palau) Kunth",,"False"
"2579","1700","2","Cèpe",,"False"
"2580","1700","2","Cèpe de Bordeaux",,"False"
"2584","439","2","Souci officinal",,"False"
"2586","1209","2","Citronelle",,"False"
"2587","1209","2","Lemongrass de l'Amérique Centrale",,"False"
"2598","1717","1","Prunus mume Koehne",,"False"
"2599","1717","2","Abricotier du Japon",,"False"
"2600","1717","2","Mume",,"False"
"2601","1717","2","Umé",,"False"
"2606","55","2","Manguier",,"False"
"2609","1456","2","Oranger",,"False"
"2610","1365","2","Abricotier",,"False"
"2614","563","2","Melon",,"False"
"2619","273","2","Mahonia",,"False"
"2620","273","2","Faux-houx",,"False"
"2621","273","1","Berberis aquifolium Pursh",,"False"
"2622","268","1","Mahonia aquifolium Pursh Nutt",,"False"
"2623","743","2","Hysope",,"False"
"2624","743","2","Hysope officinale",,"False"
"2627","353","2","Oponce",,"False"
"2628","353","2","Figuier de Barbarie",,"False"
"2629","353","2","Nopal",,"False"
"2630","30","2","Betterave cultivée",,"False"
"2637","1720","1","Ulva pertusa Kjellman",,"False"
"2645","1722","2","Tomate amère",,"False"
"2646","1722","2","Aubergine éthiopienne",,"False"
"2647","1722","2","Nakati",,"False"
"2648","1722","2","Aubergine écarlate",,"False"
"2651","1224","2","Amidonnier",,"False"
"2653","577","2","Cyprès provençal",,"False"
"2655","1694","2","Bleuet à feuilles étroites",,"False"
"2656","1694","2","Airelle à feuilles étroites",,"False"
"2657","1572","2","Spiruline",,"False"
"2658","1596","2","Orme champêtre",,"False"
"2659","1596","1","Ulmus procera Salisb",,"False"
"2662","238","2","Pyrèthre d'Afrique",,"False"
"2663","1200","2","Lavande de mer",,"False"
"2664","1200","2","Saladelle",,"False"
"2665","1200","2","Lilas de mer",,"False"
"2675","771","2","Perilla",,"False"
"2676","771","2","Shiso",,"False"
"2677","771","2","Menthe pourpre",,"False"
"2678","771","2","Basilic japonais",,"False"
"2680","1680","1","Melia azadirachta L",,"False"
"2681","1680","2","Margousier",,"False"
"2682","1680","2","Neem",,"False"
"2683","1725","2","Hanza",,"False"
"2684","1725","2","Aizen",,"False"
"2693","177","2","Pinellia",,"False"
"2694","1302","2","Clématite d’Armand",,"False"
"2695","77","2","Aneth",,"False"
"2696","77","2","Fenouil bâtard",,"False"
"2697","816","2","Laminaire digitée",,"False"
"2698","816","2","Fouet de sorcier",,"False"
"2702","11","2","Sureau blanc",,"False"
"2703","11","2","Sureau du Canada",,"False"
"2706","1630","2","Grains de paradis",,"False"
"2710","984","2","Cerise de Barbade",,"False"
"2711","984","2","Cerise des Antilles",,"False"
"2712","984","2","Acerola",,"False"
"2713","984","1","Malpighia punicifolia L",,"False"
"2714","78","2","Angélique vraie",,"False"
"2715","78","2","Archangélique",,"False"
"2718","683","2","Coeur de Jeannette",,"False"
"2719","683","2","Coeur de Marie",,"False"
"2723","92","2","Fenouil marin",,"False"
"2724","92","2","Perce-pierre",,"False"
"2725","92","2","Criste marine",,"False"
"2726","1083","2","Algue bleue-vert du lac Klamath",,"False"
"2727","1083","2","AFA",,"False"
"2730","509","2",,,"False"
"2736","1734","1","Gomphrena officinalis Mart",,"False"
"2737","1734","2","Gomphréna",,"False"
"2738","1734","2","Paratudo",,"False"
"2741","1036","2","Mûrier blanc",,"False"
"2747","94","2","Carotte",,"False"
"2765","576","2","Margose",,"False"
"2766","576","2","Margose amère",,"False"
"2767","576","2","Concombre africain",,"False"
"2768","576","2","Gourde amère",,"False"
"2773","42","2","Oignon",,"False"
"2783","1447","2","Oranger amer",,"False"
"2784","1447","2","Bigaradier",,"False"
"2785","1447","2","Oranger de Curaçao",,"False"
"2789","348","2","Guggul",,"False"
"2794","1067","2","Myrte",,"False"
"2797","1726","2","Moutarde japonaise",,"False"
"2798","1726","2","Raifort japonais",,"False"
"2799","1726","1","Wasabia japonica (Miq) Matsum",,"False"
"2802","1165","2","Epicéa commun",,"False"
"2803","1165","2","Epicéa",,"False"
"2804","1165","2","Faux sapin",,"False"
"2805","1165","2","Pesse",,"False"
"2806","1165","2","Sapin élevé",,"False"
"2807","1165","2","Sapin rouge",,"False"
"2808","719","2","Spaghetti de la mer",,"False"
"2809","299","2","Grémil officinal",,"False"
"2814","813","2","Basilic sacré",,"False"
"2815","813","2","Ocimum sanctum L.",,"False"
"2819","352","2","Buis",,"False"
"2820","352","2","Buis commun",,"False"
"2821","1742","2","Edelweiss",,"False"
"2822","1744","2","Genêt à balais",,"False"
"2823","1277","2","Mouron rouge des champs",,"False"
"2824","1277","2","Mouron bleu",,"False"
"2825","1277","2","Mouron rouge",,"False"
"2826","953","2","Muguet",,"False"
"2827","1084","2","Nénuphar commun",,"False"
"2828","1084","2","Nymphéa blanc",,"False"
"2829","1752","2","Perce-neige",,"False"
"2832","1400","2","Cerisier acide",,"False"
"2833","1400","2","Cerisier aigre",,"False"
"2834","1400","2","Griottier acide",,"False"
"2835","1048","2","Myrte des marais",,"False"
"2836","976","2","Grenadier",,"False"
"2837","71","2","Ylang-ylang",,"False"
"2840","1571","2","Spiruline",,"False"
"2842","1753","1","Myrciaria jaboticaba (Vell) OBerg",,"False"
"2843","1753","2","Jaboticaba",,"False"
"2847","1509","2","Anis étoilé de Chine",,"False"
"2848","1509","2","Badianier de Chine",,"False"
"2850","825","2","Cannelier de Chine",,"False"
"2853","1006","2","Tilleuil argenté",,"False"
"2854","1065","2","Niaouli",,"False"
"2855","1001","2","Cacaoyer",,"False"
"2856","1635","2","Croix-de-Malte",,"False"
"2857","1635","2","Tribule terrestre",,"False"
"2858","757","2","Menthe des champs",,"False"
"2862","1754","2","Quassia de Surinam",,"False"
"2863","1254","2","Fallopia multiflora (Thunb.) K. Haraldson",,"False"
"2865","1755","2","Poire asiatique",,"False"
"2866","1755","2","Nashi",,"False"
"2867","1755","2","Pomme-poire",,"False"
"2868","1372","2","Prunellier",,"False"
"2869","1372","2","Epine noire",,"False"
"2870","1372","2","Prunier épineux",,"False"
"2871","1229","2","Chiendent dactyle",,"False"
"2872","1229","2","Chiendent pied-de-poule",,"False"
"2879","920","2","Pois mascate",,"False"
"2882","1757","1","Butyrospermum parkii",,"False"
"2883","1757","2","Karité",,"False"
"2885","270","2","Epine-vinette",,"False"
"2886","1575","2","Sterculia urens Roxb.",,"False"
"2887","886","2","Trèfle des prés",,"False"
"2888","886","2","Trèfle rouge",,"False"
"2889","886","2","Triolet",,"False"
"2890","93","2","Cumin officinal",,"False"
"2891","1574","2","Spiruline",,"False"
"2892","107","2","Racine de silère",,"False"
"2893","107","1","Ledebouriella divaricata",,"False"
"2894","1478","2","Saule blanc",,"False"
"2895","1478","2","Osier blanc",,"False"
"2899","35","1"," Pfaffia paniculata Mart Kuntze ",,"False"
"2904","382","2","Papayer",,"False"
"2905","1597","2","Laitue de mer",,"False"
"2906","1129","2","Dulse",,"False"
"2907","1129","2","Laitue de mer",,"False"
"2908","1129","2","Rhodyménie palmé",,"False"
"2909","1129","2","Rhodymenia palmata (Linnaeus) Greville",,"False"
"2910","821","2","Kombu",,"False"
"2911","822","2","Laminaire sucre",,"False"
"2912","822","2","Laminaria saccharina (Linnaeus) J.V.Lamouroux",,"False"
"2913","22","2","Wakamé",,"False"
"2914","717","2","Lithothamne",,"False"
"2922","6","2","Acore",,"False"
"2923","6","2","Acore odorante",,"False"
"2924","6","2","Acore vrai",,"False"
"2927","1068","2","Poivrier de la Jamaïque",,"False"
"2928","1068","2","Piment de la Jamaïque",,"False"
"2929","1068","2","Quatre épices",,"False"
"2930","1661","2","Maqui",,"False"
"2940","1759","2","Bouton d'or",,"False"
"2941","1759","2","Renoncule acre",,"False"
"2942","1759","3","Common buttercup",,"False"
"2943","874","2","Kino de Malabar",,"False"
"2944","1325","2","Nerprun purgatif",,"False"
"2945","1325","2","Nerprun cathartique",,"False"
"2946","824","2","Camphrier",,"False"
"2947","824","2","Laurier du Japon",,"False"
"2948","824","1","Bois de Hô",,"False"
"2949","824","2","Ravintsara",,"False"
"2950","1681","2","Chaga",,"False"
"2951","1681","2","Polypore oblique",,"False"
"2954","1718","1","Lithospermum arvense L",,"False"
"2956","1256","2","Rheum undulatum L.",,"False"
"2957","1145","2","Passiflore",,"False"
"2958","1168","2","Pin buissonnant",,"False"
"2959","1168","2","Pin des montagnes",,"False"
"2961","1212","2","Verveine des indes",,"False"
"2962","1212","2","Citronelle des indes",,"False"
"2963","1212","2","Citronelle de Ceylan",,"False"
"2967","376","2","Chèvrefeuille des jardins",,"False"
"2968","1561","2","Tabac",,"False"
"2969","1760","2","Tabac",,"False"
"2970","1052","2","Eucalyptus citronné",,"False"
"2971","1454","2","Pamplemoussier",,"False"
"2972","1454","2","pomelo",,"False"
"2982","1275","1","Primula veris L",,"False"
"2983","1374","2","Rosier sauvage",,"False"
"2984","1374","2","Rosier des chiens",,"False"
"2985","1374","2","Eglantier commun",,"False"
"2992","215","2","Aloès",,"False"
"3000","349","2","Commiphora molmol (Engl.) Engl. ex Tschirch",,"False"
"3009","1450","2","Pamplemoussier",,"False"
"3010","1450","1","Citrus grandis L Osbeck",,"False"
"3012","779","2","Sauge sclarée",,"False"
"3013","779","2","Sclarée",,"False"
"3014","779","2","Toute-bonne",,"False"
"3020","241","2","Arnica",,"False"
"3021","241","2","Arnica des montagnes",,"False"
"3022","1761","1","Lucuma obovata Kunth",,"False"
"3023","1761","2","Lucuma",,"False"
"3024","1387","1","Photinia melanocarpa Michx KR Robertson et JB Phipps",,"False"
"3028","140","2","Ajowan",,"False"
"3032","1061","2","Cajeputier",,"False"
"3033","789","2","Thym sauvage",,"False"
"3034","789","2","Thym serpolet",,"False"
"3035","789","2","Serpolet à feuilles étroites",,"False"
"3036","789","2","Poilet",,"False"
"3045","863","2","Luzerne commune",,"False"
"3046","863","2","Alfalfa",,"False"
"3047","1510","2","Schisandra",,"False"
"3057","747","2","lavande vraie",,"False"
"3058","1724","1","Lavandula x hybrida Balb ex Ging",,"False"
"3059","1724","2","Lavandin",,"False"
"3060","91","2","Coriandre",,"False"
"3061","372","2","Jatamansi",,"False"
"3062","372","2","Nard indien",,"False"
"3063","372","2","Valériane rouge",,"False"
"3064","37","2","Amarante hypochondriaque",,"False"
"3065","37","2","Amarante élégante",,"False"
"3071","1395","2","Sorbier domestique",,"False"
"3072","1395","2","Cormier",,"False"
"3073","1395","2","Pyrus sorbus Gaertn.",,"False"
"3074","1395","1","Cormus domestica L Spach",,"False"
"3075","1767","2","Thé des bergers",,"False"
"3076","1767","2","Thé grec des montagnes",,"False"
"3077","68","2","Annone",,"False"
"3078","68","2","Corossolier",,"False"
"3079","68","2","Guanabana",,"False"
"3080","628","2","Busserole",,"False"
"3081","628","2","Raisin-d'ours commun",,"False"
"3082","628","2","Raisin d'ours",,"False"
"3087","1735","1","Pluchea symphytifolia (Mill) Gillis",,"False"
"3088","1735","2","Herbe à pic",,"False"
"3089","1735","2","Neurolène à feuilles lobées",,"False"
"3090","1735","2","Tabac à diable",,"False"
"3091","1163","2","Mélèze d’Europe",,"False"
"3092","1163","2","Mélèze",,"False"
"3093","1163","2","Mélèze commun",,"False"
"3094","1768","2","Mil à chandelles",,"False"
"3095","1768","2","Petit mil",,"False"
"3096","1768","2","Mil",,"False"
"3097","1768","2","Mil perlé",,"False"
"3098","56","2","Lentisque",,"False"
"3099","56","2","Pistachier lentisque",,"False"
"3100","1629","2","Gingembre",,"False"
"3101","1409","2","Gardénie commun",,"False"
"3102","1409","2","Jasmin du Cap",,"False"
"3103","1409","2","Gardenia augusta  Merr.",,"False"
"3107","1769","1","Melaleuca viminalis Sol ex Gaertn Byrnes",,"False"
"3108","1096","2","Olivier",,"False"
"3110","1204","2","Bambou tabashir",,"False"
"3111","1204","1","Bambusa arundinacea Willd",,"False"
"3113","471","2","Tournesol commun",,"False"
"3114","471","2","Grand soleil",,"False"
"3115","1771","2","Fraisier de Virginie",,"False"
"3116","1770","2","Pois chiche",,"False"
"3121","1219","2","Millet commun",,"False"
"3122","1219","2","Mil",,"False"
"3123","1219","2","Millet cultivé",,"False"
"3124","1219","2","Panic",,"False"
"3125","1219","2","Panic millet",,"False"
"3127","890","2","Haricot azuki",,"False"
"3128","1772","2","Ronce laciniée",,"False"
"3131","1562","2","Pétunia à fleurs violettes",,"False"
"3142","971","1","Lycopodium serratum",,"False"
"3146","500","2","Armoise annuelle",,"False"
"3147","1032","2","Levure de riz rouge",,"False"
"3148","1032","2","Moisissure du riz ang-khak",,"False"
"3149","1032","2","Hong Qu juin",,"False"
"3150","827","2","Laurier-sauce",,"False"
"3151","827","2","Laurier commun",,"False"
"3152","827","2","Laurier noble",,"False"
"3153","1064","2","Niaouli",,"False"
"3154","765","2","Origan compact",,"False"
"3155","815","2","Scutellaire latériflore",,"False"
"3159","101","2","Persil cultivé",,"False"
"3165","1104","2","Cordyceps",,"False"
"3166","1104","2","Champignon chenille",,"False"
"3167","1104","2","Yarsagumbu",,"False"
"3171","861","2","Lotier corniculé",,"False"
"3172","861","2","Pied-de-Poule",,"False"
"3179","364","2","Cannabis",,"False"
"3180","364","2","Chanvre cultivé",,"False"
"3186","802","2","Chia",,"False"
"3187","143","1","Gymnema sylvestre Retz RBr",,"False"
"3188","227","2","Asperge à grappes",,"False"
"3189","227","2","Shatavari",,"False"
"3193","1381","2","Ronce commune",,"False"
"3194","1381","2","Murier sauvage",,"False"
"3195","1381","2","Ronces",,"False"
"3201","1774","2","Collybie à pied velouté",,"False"
"3202","1774","2","Enoki",,"False"
"3203","289","2","Bourrache",,"False"
"3214","877","2","Kudzu",,"False"
"3215","90","2","Hydrocotyle d’Asie",,"False"
"3217","255","2","Rhapontique des Alpes",,"False"
"3218","255","1","Stemmacantha carthamoides",,"False"
"3219","255","2","Rhapontique des Alpes",,"False"
"3220","255","2","Racine de maral",,"False"
"3221","492","2","Rhapontique des Alpes",,"False"
"3222","492","2","Racine de maral",,"False"
"3223","492","1","Rhaponticum carthamoides (Willd) Iljin",,"False"
"3233","1660","1","Tabebuia avellanedae Lorentz ex Griseb",,"False"
"3234","1660","2","Pau d Arco",,"False"
"3235","1660","1","Tabebuia impetiginosa Mart ex DC Standl",,"False"
"3236","1660","2","Lapacho",,"False"
"3237","1660","1","Handroantus Avellaneade Lorentzex Griseb",,"False"
"3242","1775","2","Scrofulaire noueuse",,"False"
"3248","1777","2","Gingembre noir",,"False"
"3249","1777","2","Ginseng thaï",,"False"
"3250","1737","2","Pitaya",,"False"
"3252","357","2","Maitake",,"False"
"3260","684","2","Ganoderme luisant",,"False"
"3261","684","2","Reishi",,"False"
"3262","684","2","língzhi",,"False"
"3263","358","2","Polypore en ombelle",,"False"
"3264","1087","2","Muira Puama",,"False"
"3265","1779","1","Fadogia agrestis Schweinf",,"False"
"3266","1780","2","Lentin tigré",,"False"
"3267","1780","1","Panus tigrinus Bull ",,"False"
"3268","1780","1","Pleurotus tigrinus Bull",,"False"
"3269","1780","1","Lentodium tigrinum",,"False"
"3270","1780","1","Omphalia tigrina Bull",,"False"
"3271","1780","1","Pocillaria tigrina Bull",,"False"
"3272","1780","1","Polyporus gerdai ",,"False"
"3273","1780","1","Clitocybe tigrina ",,"False"
"3287","1776","1","Lonicera caerulea var edulis",,"False"
"3288","1776","1","Lonicera caerulea kamtchatica  ",,"False"
"3289","1776","2","Chèvre feuille bleu",,"False"
"3290","1776","2","Camerise",,"False"
"3291","1776","2","Baie de Mai",,"False"
"3306","736","2","Bugle rampante",,"False"
"3308","1567","2","Tomate",,"False"
"3309","1782","2","Platane occidental",,"False"
"3310","1782","2","Sycamore",,"False"
"3311","1652","2","Platane d Orient",,"False"
"3312","17","2","Agaricus blazei Murill.",,"False"
"3316","1013","2","Shiitake",,"False"
"3317","1013","2","Lentin du chêne",,"False"
"3318","1013","2","Lentin comestible",,"False"
"3319","1524","2","Tongkat Ali",,"False"
"3326","1094","2","Jasmin commun",,"False"
"3334","847","2","Astragale",,"False"
"3335","847","1","Astragalus propinquus Schischkin",,"False"
"3336","847","1","Astragalus membranaceus Fisch ex Bunge ",,"False"
"3340","609","2","Argousier",,"False"
"3341","609","1","Hippophae rhamnoides L",,"False"
"3343","849","2","Canéficier",,"False"
"3344","849","2","Cassier",,"False"
"3345","425","2","Achillée millefeuille",,"False"
"3349","1492","2","Marronnier d'Inde",,"False"
"3350","1332","2","Aigremoine eupatoire",,"False"
"3351","43","2","Ail",,"False"
"3352","989","2","Guimauve officinale",,"False"
"3353","989","2","Mauve blanche",,"False"
"3354","989","2","Bourbon de Saint-Jacques",,"False"
"3355","431","2","Grande bardane",,"False"
"3356","521","2","Armoise absinthe",,"False"
"3357","521","2","Absinthe",,"False"
"3360","279","2","Bouleau verruqueux",,"False"
"3361","279","2","Bouleau blanc",,"False"
"3362","280","2","Bouleau pubescent",,"False"
"3363","280","2","Bouleau des marais",,"False"
"3364","280","2","Bouleau blanc",,"False"
"3365","1584","2","Théier",,"False"
"3366","1584","1","Thea sinensis L",,"False"
"3367","319","2","Bourse-à-pasteur commune",,"False"
"3368","89","2","Carvi",,"False"
"3369","89","2","Cumin des prés",,"False"
"3372","1287","2","Actée à grappes",,"False"
"3373","1287","2","Cimicaire à grappes",,"False"
"3374","1287","2","Cimicifuga racemosa (L.) Nutt.",,"False"
"3375","751","2","Maca",,"False"
"3376","826","2","Cannelier",,"False"
"3377","826","2","Cannelier de Ceylan",,"False"
"3378","826","2","Cinnamomum zeylanicum Blume",,"False"
"3384","612","2","Prêle des champs",,"False"
"3385","612","2","Queue-de-cheval",,"False"
"3386","612","2","Queue-de-renard",,"False"
"3387","1130","2","Eschcholzia de Californie",,"False"
"3388","1130","2","Pavot jaune de Californie",,"False"
"3391","1346","2","Reine des prés",,"False"
"3392","1346","2","Spirée ulmaire",,"False"
"3393","1346","2","Barbe de bouc",,"False"
"3395","707","2","Ginkgo",,"False"
"3396","707","2","Arbre des pagodes",,"False"
"3397","707","2","Arbres aux quarante écus",,"False"
"3398","856","2","Réglisse",,"False"
"3399","856","2","Réglisse glabre",,"False"
"3400","857","2","Réglisse de l’Oural",,"False"
"3401","857","2","Réglisse de Sibérie",,"False"
"3402","857","2","Gancao",,"False"
"3403","1640","2","Harpagophyton",,"False"
"3404","1640","2","Griffe du diable",,"False"
"3405","482","2","Matricaire",,"False"
"3406","482","2","Matricaire camomille",,"False"
"3407","482","2","Camomille vulgaire",,"False"
"3408","482","2","Camomille allemande",,"False"
"3409","755","2","Mélisse",,"False"
"3410","755","2","Mélisse officinale",,"False"
"3411","759","2","Menthe poivrée",,"False"
"3412","182","2","Ginseng",,"False"
"3413","182","2","Mandragore coréenne",,"False"
"3414","1146","2","Passiflore officinale",,"False"
"3415","1146","2","Fleur de la passion",,"False"
"3416","1496","2","Guarana",,"False"
"3417","1185","2","Plantain lancéolé",,"False"
"3418","1363","2","Mueri",,"False"
"3419","1363","2","Pygeum",,"False"
"3420","1363","2","Prunier d'Afrique",,"False"
"3422","13","2","Sureau noir",,"False"
"3423","13","2","Sureau commun",,"False"
"3424","197","2","Sabal",,"False"
"3425","197","2","Palmier de Floride",,"False"
"3426","197","2","Chou palmiste",,"False"
"3427","197","2","Palmier de l'Amerique du Nord",,"False"
"3428","197","1","Sabal serrulata",,"False"
"3429","235","2","Pissenlit",,"False"
"3430","235","2","Dent de lion",,"False"
"3431","235","2","Taraxacum officinale (L.) Weber ex F.H.Wigg.",,"False"
"3432","790","2","Thym commun",,"False"
"3433","790","2","Thym vrai",,"False"
"3434","790","2","Pouilleux",,"False"
"3435","790","2","Frigouille",,"False"
"3441","1513","2","Bouillon blanc à grandes Fleurs",,"False"
"3442","1513","2","Molène à fleurs denses",,"False"
"3443","1513","2","Molène",,"False"
"3444","1513","2","Bonhomme",,"False"
"3450","314","2","Chou",,"False"
"3452","691","2","Grande gentiane",,"False"
"3453","691","2","Gentiane jaune",,"False"
"3454","365","2","Houblon grimpant",,"False"
"3455","750","2","Agripaume cardiaque",,"False"
"3456","1072","2","Girofle",,"False"
"3457","1072","2","Giroflier",,"False"
"3458","1072","2","Géroflier",,"False"
"3459","1605","2","Pensée des champs",,"False"
"3460","1608","2","Pensée sauvage",,"False"
"3461","1608","2","Violette tricolore des jardins",,"False"
"3462","1608","2","Pensée tricolore",,"False"
"3465","460","2","Artichaut",,"False"
"3466","1324","2","Cascara",,"False"
"3467","1324","2","Ecorce sacrée",,"False"
"3468","716","2","Hamamélis de Virginie",,"False"
"3469","716","2","Noisetier de sorcière",,"False"
"3470","722","2","Millepertuis",,"False"
"3471","767","2","Marjolaine",,"False"
"3472","767","2","Marjolaine à coquilles",,"False"
"3473","767","2","Marjolaine des jardins",,"False"
"3474","767","2","Marjolaine cultivée",,"False"
"3475","767","2","Majorana hortensis Moench",,"False"
"3476","769","2","Orthosiphon",,"False"
"3477","769","2","Thé de Java",,"False"
"3478","769","2","Moustache de Chat",,"False"
"3479","769","2","Orthosiphon stamineus Benth.",,"False"
"3480","711","2","Groseillier noir",,"False"
"3481","711","2","Cassis",,"False"
"3482","711","2","Cassissier",,"False"
"3488","97","2","Fenouil",,"False"
"3489","882","2","Sophora du Japon",,"False"
"3490","882","2","Arbres aux pagodes",,"False"
"3493","323","2","Roquette",,"False"
"3494","323","1","Eruca sativa Mill",,"False"
"3495","690","2","Erythrée petite centaurée",,"False"
"3496","450","2","Camomille romaine",,"False"
"3497","454","2","Chicorée sauvage",,"False"
"3498","991","2","Noix de cola",,"False"
"3499","991","2","Colatier",,"False"
"3500","564","2","Courge",,"False"
"3501","564","2","Pépon",,"False"
"3502","564","2","Citrouille",,"False"
"3503","463","2","Échinacée à Feuilles étroites",,"False"
"3504","464","2","Echinacée pâle",,"False"
"3505","181","2","Eleuthérocoque",,"False"
"3506","181","2","Ginseng de Sibérie",,"False"
"3507","1215","2","Chiendent commun",,"False"
"3508","1215","2","Chiendent rampant (petit)",,"False"
"3509","1101","2","Epilobe en épi",,"False"
"3510","1101","2","Epilobe à Feuilles étroites",,"False"
"3511","1054","2","Eucalyptus globuleux",,"False"
"3512","1054","2","Gommier bleu",,"False"
"3513","1323","2","Bourdaine",,"False"
"3514","1091","2","Frêne commun",,"False"
"3515","1091","2","Frêne élevé",,"False"
"3516","1091","2","Frêne européen",,"False"
"3517","679","2","Fucus",,"False"
"3518","679","2","Fucus vésiculeux",,"False"
"3519","679","2","Varech vésiculeux",,"False"
"3520","678","2","Varech denté",,"False"
"3522","468","2","Grindélia robuste",,"False"
"3523","466","2","Grindélia",,"False"
"3524","467","2","Grindelia humilis Hook. & Arn.",,"False"
"3525","469","2","Grindélia",,"False"
"3526","473","2","Immortelle des sables",,"False"
"3527","476","2","Epervière piloselle",,"False"
"3528","163","2","Maté",,"False"
"3529","163","2","Thé du Paraguay",,"False"
"3530","163","2","Yerba maté",,"False"
"3531","578","2","Genévrier commun",,"False"
"3532","746","2","Lavande",,"False"
"3533","746","2","Lavande vraie",,"False"
"3534","746","2","Lavandula officinalis Chaix",,"False"
"3535","98","2","Céleri perpétuel",,"False"
"3536","98","2","Livèche",,"False"
"3537","98","2","Herbe-à-Maggi",,"False"
"3538","964","2","Lin cultivé",,"False"
"3539","754","2","Marrube",,"False"
"3540","1060","2","Melaleuca",,"False"
"3541","1060","2","Arbre à thé",,"False"
"3542","1060","2","Mélaleuque",,"False"
"3543","865","2","Mélilot officinal",,"False"
"3544","865","2","Mélilot jaune",,"False"
"3545","1103","2","Onagre bisanuelle",,"False"
"3548","868","2","Bugrane épineuse",,"False"
"3549","868","2","Arrête-bœuf",,"False"
"3550","869","2","Bugrane des champs",,"False"
"3551","869","2","Ononis arvensis L.",,"False"
"3552","1033","2","Boldo",,"False"
"3553","871","2","Haricot commun",,"False"
"3554","103","2","Anis",,"False"
"3555","1198","2","Plantain des Indes",,"False"
"3556","1198","2","Ispaghul",,"False"
"3557","1198","2","Psyllium",,"False"
"3558","1242","2","Renouée des oiseaux",,"False"
"3559","1242","2","Traînasse",,"False"
"3560","1361","2","Tormentille",,"False"
"3561","1361","2","Potentille dressée",,"False"
"3562","1361","2","Potentille officinale",,"False"
"3563","1361","2","Herbe de Sainte Catherine",,"False"
"3564","1276","2","Primevère officinale",,"False"
"3565","674","2","Chêne pédonculé",,"False"
"3566","1244","2","Rhubarbe officinale",,"False"
"3567","1245","2","Rhubarbe palmée",,"False"
"3568","1245","2","Rhubarbe de Chine",,"False"
"3569","1382","2","FramBoisier commun",,"False"
"3570","1382","2","Framboisier",,"False"
"3571","1382","2","Ronce du Mont Ida",,"False"
"3572","221","2","Fragon épineux",,"False"
"3573","221","2","Petit houx",,"False"
"3574","1479","2","Saule fragile",,"False"
"3575","1479","2","Saule cassant",,"False"
"3576","777","2","Sauge d'Espagne",,"False"
"3577","777","2","Sauge à Feuilles de lavande",,"False"
"3578","557","2","Rhodiole rose",,"False"
"3579","557","2","Orpin rose",,"False"
"3580","557","2","Rhodiola rosea L.",,"False"
"3581","879","2","Séné d’Alexandrie",,"False"
"3582","784","2","Thé de Crête",,"False"
"3583","327","2","Sisymbre officinal",,"False"
"3584","327","2","Herbe aux chantres",,"False"
"3585","327","2","Vélar",,"False"
"3586","327","2","Barbarée",,"False"
"3587","327","1","Erysimum officinale L",,"False"
"3588","491","2","Solidage verge d'or",,"False"
"3589","491","2","Baguette d'Aaron",,"False"
"3590","491","2","Herbe des juifs",,"False"
"3591","496","2","Grande camomille",,"False"
"3592","496","2","Pyrèthre doré",,"False"
"3593","496","2","Pyrèthre mousse",,"False"
"3594","791","2","Thym d'Espagne",,"False"
"3595","791","2","Thym rouge",,"False"
"3596","1004","2","Tilleul à petites feuilles",,"False"
"3597","1004","2","Tilleul des bois",,"False"
"3598","1004","2","Tilleul à feuilles en cœur",,"False"
"3599","1005","2","Tilleul à larges feuilles",,"False"
"3600","889","2","Fenugrec",,"False"
"3601","1599","2","Ortie dioïque",,"False"
"3602","1599","2","Grande ortie",,"False"
"3603","1600","2","Ortie brûlante",,"False"
"3604","1600","2","Petite ortie",,"False"
"3605","1600","2","Ortie grièche",,"False"
"3606","623","2","Myrtille commune",,"False"
"3607","623","2","Myrtillier",,"False"
"3608","623","2","Baies de myrtille",,"False"
"3609","374","2","Valériane officinale",,"False"
"3610","792","2","Agneau-chaste",,"False"
"3611","792","2","Arbre au poivre",,"False"
"3612","792","2","Gattilier",,"False"
"3613","1613","2","Vigne",,"False"
"3614","1613","2","Vigne cultivée",,"False"
"3615","1613","2","Vigne rouge",,"False"
"3617","768","2","Origan",,"False"
"3618","768","2","Origan vulgaire",,"False"
"3619","768","2","Marjolaine sauvage",,"False"
"3620","216","2","Aloès",,"False"
"3621","216","1","Aloe barbadensis",,"False"
"3622","262","2","Oreille de Juda",,"False"
"3623","1656","1","Citrus ichangensis Swingle",,"False"
"3624","1785","2","Yuzu",,"False"
"3625","1785","1","Citrus junos",,"False"
"3626","1783","1","Brassica cretica Lam",,"False"
"3627","1783","2","brocoli",,"False"
"3628","465","2","Echinacée pourpre",,"False"
"3629","1786","1","Morella rubra",,"False"
"3630","1786","2","Fraise chinoise",,"False"
"3631","1786","2","Yangmei",,"False"
"3632","635","2","Arbousier commun",,"False"
"3635","1131","2","Fumeterre officinale",,"False"
"3641","1205","2","bambou commun",,"False"
"3642","1341","2","Aubépine à deux styles",,"False"
"3643","1341","2","Epine blanche",,"False"
"3644","1341","1","Crataegus oxyacantha",,"False"
"3645","1568","2","Ashwagandha",,"False"
"3646","1568","2","Ginseng indien",,"False"
"3647","1291","2","Cumin noir",,"False"
"3648","1291","2","Poivrette",,"False"
"3649","1787","2","Lamier pourpre",,"False"
"3650","1787","2","Ortie rouge",,"False"
"3655","1789","1","Citrus × microcarpa Bunge",,"False"
"3656","1789","2","Calamondin",,"False"
"3657","1789","2","Calamansi",,"False"
"3658","1789","2","Kalamansi",,"False"
"3684","1221","2","Seigle",,"False"
"3685","1217","2","Orge carrée",,"False"
"3686","1217","2","Orge à six rangs",,"False"
"3687","1217","2","Escourgeon",,"False"
"3688","1217","2","Orge d'hiver",,"False"
"3689","1203","2","Avoine cultivée",,"False"
"3690","1203","2","Avoine",,"False"
"3691","1226","2","Epeautre",,"False"
"3692","1223","2","Blé commun",,"False"
"3693","1223","2","Froment",,"False"
"3694","1223","2","Blé tendre",,"False"
"3695","1223","1","Triticum Vulgare ",,"False"
"3696","841","2","Arachide",,"False"
"3697","841","2","Cacahuète",,"False"
"3698","855","2","Soja",,"False"
"3699","282","2","Noisetier",,"False"
"3700","282","2","Coudrier",,"False"
"3701","731","2","Pacanier",,"False"
"3702","731","2","Noyer de pécan",,"False"
"3703","836","2","Noix du Brésil",,"False"
"3704","58","2","Pistache",,"False"
"3705","1281","2","Noyer du Queensland",,"False"
"3706","1281","2","Noix de macadamia",,"False"
"3707","86","2","Céleri sauvage",,"False"
"3708","86","2","Ache des marais",,"False"
"3709","1715","2","Moutarde blanche",,"False"
"3710","1715","2","Sénevé",,"False"
"3711","1715","2","Sanve",,"False"
"3712","1645","1","Brassica arvensis L",,"False"
"3713","1645","2","Sanve",,"False"
"3714","1645","2","Moutarde des champs",,"False"
"3715","310","2","Moutarde brune",,"False"
"3716","313","2","Moutarde noire",,"False"
"3717","1149","2","Sésame",,"False"
"3718","940","2","Lupin",,"False"
"3719","941","2","Lupin",,"False"
"3722","1368","2","Amandier",,"False"
"3723","1368","2","Amandier amer",,"False"
"3724","1788","2","Truffe d'été",,"False"
"3725","1342","2","Aubépine à un style",,"False"
"3726","1342","2","Epine blanche",,"False"
"3728","1790","2","Truffe du Périgord",,"False"
"3729","1791","2","Truffe blanche",,"False"
"3730","257","2","Stevia",,"False"
"3731","257","1","Eupatorium rebaudianum Bertoni",,"False"
"3732","257","1","Stevia rebaudiana Hemsl",,"False"
"3733","490","2","Chardon-marie",,"False"
"3734","814","2","Sauge chinoise",,"False"
"3735","2","2","Echinacée d'Inde",,"False"
"3736","2","2","Andrographis",,"False"
"3737","2","2","Mahalita",,"False"
"3738","2","2","Roi des amers",,"False"
"3739","2","2","Chirette verte",,"False"
"3742","1489","2","Gui",,"False"
"3743","1489","2","Gui des feuillus",,"False"
"3744","1727","1","Agaricus comatus OF Müll",,"False"
"3745","1727","2","Coprin chevelu",,"False"
"3746","1727","1","Coprinus ovatus (Schaeff) Fr",,"False"
"3747","1792","1","Rosa damascena Mill",,"False"
"3748","1792","1","Rosa × damascena",,"False"
"3749","1792","2","Rose de Damas",,"False"
"3750","775","2","Romarin",,"False"
"3751","1632","2","Curcuma",,"False"
"3752","1632","2","Safran des Indes",,"False"
"3753","1632","2","Curcuma domestica Valeton",,"False"
